time (ms),IQ
0.0,(5.581569144702391-2.8722563163644725j)
2e-05,(6.019079060475665-1.334784854099477j)
4e-05,(5.92280583425978-2.447529391312793j)
6e-05,(5.7931593855423635-3.368800347171926j)
8e-05,(6.047270490239959-1.7090761752938588j)
0.0001,(5.2618418717320115-2.9453355386382416j)
0.00012,(5.685806098997424-2.3088403010031815j)
0.00014,(5.573129223816238-2.8820985065210194j)
0.00016,(5.607741196344171-1.765941119616182j)
0.00018,(5.814698564600965-2.972297858770272j)
0.0002,(5.562686449893675-2.6951023662697557j)
0.00022,(6.425013873613945-2.1503350791726197j)
0.00024,(6.0165809560438195-2.6843750889483387j)
0.00026,(5.601235081842712-2.3378835074544972j)
0.00028,(5.2858804792056056-2.2231010764586605j)
0.0003,(5.671544430282348-2.440959488640855j)
0.00032,(5.756122200256647-2.8703623120783606j)
0.00034,(5.654375382346492-2.7623370374815925j)
0.00036,(6.713520792181324-2.627808974994224j)
0.00038,(5.314625933629464-2.304213410700904j)
0.0004,(5.883036773603131-2.2294345380388285j)
0.00042,(5.822714579049408-2.4316289574569456j)
0.00044,(5.782981565713166-2.265945317519237j)
0.00046,(5.219562214012292-3.030546245166478j)
0.00048,(5.851767508385393-2.400765439345315j)
0.0005,(5.9261602341873285-2.521628897659271j)
0.00052,(6.102589892276772-2.3349250176650385j)
0.00054,(6.027095213718483-2.2492426899185887j)
0.00056,(6.2721089177425196-2.850365978354739j)
0.00058,(5.183954160336096-2.53666623848487j)
0.0006,(5.787701252540683-2.0551743176526336j)
0.00062,(6.700860770796144-2.3986812192535694j)
0.00064,(6.219389549387826-2.533416979856915j)
0.00066,(5.381547537224352-2.9059546651153543j)
0.00068,(5.89540435459888-2.3190565489457007j)
0.0007,(5.51688894748835-2.963420306288521j)
0.00072,(5.722179543014424-2.559466838131679j)
0.00074,(6.532578763832716-2.6637409482103003j)
0.00076,(6.1855235061521965-2.3688557869977256j)
0.00078,(5.35937646756312-2.699563763678957j)
0.0008,(5.610951646519299-2.609485533514375j)
0.00082,(5.866296860296799-2.803569722296724j)
0.00084,(5.777915026211714-2.5828116519076416j)
0.00086,(5.970434936863769-2.428422383346722j)
0.00088,(5.607904461111479-2.6157952876766197j)
0.0009,(5.743951194240364-2.6045064016909025j)
0.00092,(5.604024760587092-2.4451564727602455j)
0.00094,(5.743484364080698-2.1663006469435433j)
0.00096,(6.1006597032209156-2.2517964121849374j)
0.00098,(5.964939659079243-2.9312604334251113j)
0.001,(5.632258016762885-2.244203080171933j)
0.00102,(6.2434588544871845-2.0440491945478203j)
0.00104,(6.220604023589525-2.264769632398115j)
0.00106,(5.865653444289772-3.3045030242475493j)
0.00108,(5.780003312100669-2.411748336748087j)
0.0011,(6.453538477451831-2.0388389681207255j)
0.00112,(6.401665115389006-2.649539133645313j)
0.00114,(5.361038142958939-1.5332844403626744j)
0.00116,(6.264123267217789-3.2267546434317347j)
0.00118,(6.44062170803906-2.45128405803611j)
0.0012,(6.084905433398117-2.2588707889057127j)
0.00122,(5.710385093542238-2.442638518677411j)
0.00124,(5.750796860491778-2.448667270077256j)
0.00126,(6.436231001153843-2.846710860325201j)
0.00128,(6.14450081468317-2.691772796443226j)
0.0013,(6.048443041786697-2.30877859873178j)
0.00132,(6.643619197292331-3.2045792194596663j)
0.00134,(5.530122843868979-2.198227826827584j)
0.00136,(5.835775779464189-2.5380154379443485j)
0.00138,(5.9293580325203825-2.315908451341967j)
0.0014,(5.795496480804428-2.2178715642930547j)
0.00142,(5.252570586982097-1.2565809000449575j)
0.00144,(6.200648993764971-2.0337622616615976j)
0.00146,(5.615621449238618-2.900580330895432j)
0.00148,(5.609647970072228-1.7794283816241463j)
0.0015,(5.746342253879005-3.4044437921491877j)
0.00152,(5.789282321202566-2.6479133152456833j)
0.00154,(5.825523579966334-2.442132258470569j)
0.00156,(6.187262425027622-2.6080005520840666j)
0.00158,(6.255640786261306-2.4060807199958707j)
0.0016,(5.779578268685171-2.5562503587250807j)
0.00162,(5.666644509731599-2.071749561665781j)
0.00164,(5.823221889592692-2.6607486382505803j)
0.00166,(5.568137932306645-2.538546573085676j)
0.00168,(5.856571362223265-1.9094998295072947j)
0.0017,(5.550650008289455-2.1772913059593058j)
0.00172,(6.575099316615295-2.5566279266192438j)
0.00174,(5.908664325386966-2.3425612163731104j)
0.00176,(5.686749129308343-1.8757820459529144j)
0.00178,(6.101312621468991-2.96152369083099j)
0.0018,(5.455339654741165-2.8624925310424967j)
0.00182,(5.628838554570608-2.691535156451406j)
0.00184,(6.007289162449074-2.427602717417977j)
0.00186,(5.911151621354729-2.1772052308488505j)
0.00188,(6.215611850588248-2.7549563528645713j)
0.0019,(4.956162771739906-2.8138804032665674j)
0.00192,(6.1387342614866975-2.9372156663489135j)
0.00194,(5.684903985277126-2.814087506923358j)
0.00196,(5.475940411800636-2.718583427759901j)
0.00198,(5.291643667567688-3.221151682970943j)
0.002,(5.680801081244461-2.687108148438085j)
0.00202,(6.396018277220028-2.8498378278829657j)
0.00204,(6.189062055797701-2.554631753835253j)
0.00206,(6.410814581698091-1.9339788322055704j)
0.00208,(5.828082804300297-3.031150176247774j)
0.0021,(5.901620284944485-2.162021108585687j)
0.00212,(5.3395989332693246-1.9441027929606705j)
0.00214,(5.3395380278321705-2.178376534877475j)
0.00216,(5.817175257298209-2.3858658028917623j)
0.00218,(5.407297761246285-2.0620065675173165j)
0.0022,(5.580288601325375-2.289033749324515j)
0.00222,(5.880448468827004-2.1297684735385767j)
0.00224,(6.290138961883982-2.4604418779349864j)
0.00226,(5.86930663690493-2.8534383919678072j)
0.00228,(5.412586027254227-2.112082505454756j)
0.0023,(5.258757977299683-1.6301242705993528j)
0.00232,(5.905994984384325-2.6134715890486397j)
0.00234,(5.656331067060061-2.49247308636102j)
0.00236,(5.9047440601006995-2.4626668118408954j)
0.00238,(5.797967802562305-2.9896755322440245j)
0.0024,(5.842544148360877-2.782756855305324j)
0.00242,(6.266551475511022-2.39849269521245j)
0.00244,(6.217235732841366-2.531294948264435j)
0.00246,(5.988973996726153-2.494427717892448j)
0.00248,(5.5676283768530554-2.4911615160563474j)
0.0025,(5.682276373474051-2.5387376105743096j)
0.00252,(6.120441580076122-2.7552404148358427j)
0.00254,(6.299825298743365-2.355024941095479j)
0.00256,(5.441451507800626-2.390494262633313j)
0.00258,(6.375201260939836-2.793418592845593j)
0.0026,(5.606110235842661-2.361754679309844j)
0.00262,(6.0889549776490535-2.7078128977035356j)
0.00264,(6.799711641052549-2.28230366396632j)
0.00266,(5.336123268528609-2.5143899841463195j)
0.00268,(6.03442677077799-2.3686001988526275j)
0.0027,(5.761375345273729-2.4413265671107958j)
0.00272,(6.015106287055008-2.5187741155302183j)
0.00274,(5.659700999774435-2.3909780936522655j)
0.00276,(5.039537364027307-2.2192942280649057j)
0.00278,(5.614754034108096-2.4598338288633137j)
0.0028,(5.981693279850788-2.465245335121148j)
0.00282,(6.315763860736176-2.6179583120986205j)
0.00284,(6.001205154084507-3.1062283843077103j)
0.00286,(6.356944501856388-2.488750667767579j)
0.00288,(5.701546415117264-2.922109482095546j)
0.0029,(5.674430656750772-2.6886493786556254j)
0.00292,(5.980384526634154-2.7886724014568234j)
0.00294,(5.741023440457622-2.7391903951144645j)
0.00296,(6.2401936726034215-2.7183941692962565j)
0.00298,(5.397495943956041-2.338155656418645j)
0.003,(6.153591653939981-2.3890844249144143j)
0.00302,(6.2687012324317415-2.463014671485558j)
0.00304,(5.987721425680204-2.096849662890406j)
0.00306,(6.170266898766692-1.4805035125668629j)
0.00308,(5.649628199809945-2.330850881045481j)
0.0031,(5.588886956238977-2.1973125068720742j)
0.00312,(5.983425351985703-2.406554676640634j)
0.00314,(5.625283875226921-2.284020775063329j)
0.00316,(5.966195847585987-3.0414486880560103j)
0.00318,(5.966558199305162-3.4015346921132403j)
0.0032,(5.8435563394778836-3.2046731916796083j)
0.00322,(5.9601249404579795-2.708196253154605j)
0.00324,(6.0775902439337095-2.04437764942779j)
0.00326,(5.832683304419349-2.4148803641406977j)
0.00328,(5.707069625967794-2.6302198601774855j)
0.0033,(6.140245521718455-2.310186290047702j)
0.00332,(5.957117026595741-2.382293956825832j)
0.00334,(6.016383985728609-2.951717977044525j)
0.00336,(6.060218374126811-2.3437026776145014j)
0.00338,(5.915541941369019-2.22255674338609j)
0.0034,(5.751292861151499-1.799729056421806j)
0.00342,(5.660412407532397-2.526513523931974j)
0.00344,(5.836542257366742-1.9354103022294336j)
0.00346,(6.026609407728306-2.6349305397466063j)
0.00348,(6.042162397717417-1.7245124135294871j)
0.0035,(5.9139930282958915-2.6983303515694455j)
0.00352,(5.983422599301759-2.285780861082904j)
0.00354,(5.497812486535041-2.404455068530731j)
0.00356,(5.711220804298046-2.0034061956860043j)
0.00358,(6.0896603091175505-2.048395454670697j)
0.0036,(5.58820896194868-2.847482984249634j)
0.00362,(5.9131179424108335-2.61208016521655j)
0.00364,(5.883214041118596-1.7912232387933669j)
0.00366,(5.828069673089006-2.466969767821808j)
0.00368,(6.092289781674983-2.228689063833566j)
0.0037,(5.941754985086285-2.856782837521305j)
0.00372,(5.4668695500178845-2.5819657551619573j)
0.00374,(6.038077758236194-2.7362311252907037j)
0.00376,(5.696988977513935-2.191335799947335j)
0.00378,(5.411398554969112-2.2541321013961224j)
0.0038,(6.113443859660374-2.0921311740729434j)
0.00382,(5.470745250456066-2.861759596278543j)
0.00384,(5.747798710055-2.317110342866882j)
0.00386,(5.963859311992839-2.493272019898167j)
0.00388,(5.8415909302021936-3.3148957709994513j)
0.0039,(5.657930587170088-2.345601480535455j)
0.00392,(5.534784730967566-2.069330169421131j)
0.00394,(5.61266473285061-1.9764185510684031j)
0.00396,(5.506878792672057-2.5117827922905964j)
0.00398,(5.823862703870605-2.2234822438070214j)
0.004,(5.6842363072627355-2.3182087342459403j)
0.00402,(5.406439551104981-2.7533783453197778j)
0.00404,(5.7696193590697575-2.798887901054675j)
0.00406,(5.651619166078422-2.5159579387769044j)
0.00408,(5.955394187545478-2.578586547756948j)
0.0041,(5.9867299390806235-2.470595784641929j)
0.00412,(6.313347602028065-2.6392448961818724j)
0.00414,(6.081952505336459-2.4291784067223015j)
0.00416,(5.503275475092278-2.855464280587308j)
0.00418,(5.141669699811361-1.9921565566093395j)
0.0042,(5.359776933768738-3.106636561132132j)
0.00422,(5.698514592404987-2.5270123126588233j)
0.00424,(5.330036369792117-2.5678636047881622j)
0.00426,(5.660652273251249-2.5451518857708666j)
0.00428,(5.8767781828847525-2.7813198981330025j)
0.0043,(5.67829954708423-3.0036868662250775j)
0.00432,(5.958941157461312-2.4198831844878956j)
0.00434,(5.663190977241118-2.568296035341368j)
0.00436,(5.612039771863682-2.3718365932569596j)
0.00438,(6.4353613009853-3.0499915526252326j)
0.0044,(5.855014211833218-1.9278078752896532j)
0.00442,(5.903364423039272-2.5266173236193237j)
0.00444,(6.147439756293147-3.51388812895998j)
0.00446,(6.158375591996493-2.437073671386927j)
0.00448,(5.74400069239108-2.6573066732167274j)
0.0045,(6.21467878818918-2.8777387659539255j)
0.00452,(5.716401712701652-2.089325076740275j)
0.00454,(6.204773724138285-2.1900951301362803j)
0.00456,(5.454754604057963-2.3860771056470353j)
0.00458,(5.763778802656777-2.4743286829357003j)
0.0046,(5.940225101546141-2.3317158358419348j)
0.00462,(5.986289745179041-3.025973262185354j)
0.00464,(5.584823570264351-2.4361052863127215j)
0.00466,(5.316438691091454-2.0874691842021074j)
0.00468,(6.019461341633878-2.1533121199671124j)
0.0047,(5.797125777180065-2.850196783245848j)
0.00472,(5.735775423001959-2.4381465723351226j)
0.00474,(6.417492852212249-2.874264429958274j)
0.00476,(5.76835500326462-2.447649330160221j)
0.00478,(5.6937157549196735-2.750730764588251j)
0.0048,(5.265981681297227-2.790002669390188j)
0.00482,(5.50509172719724-2.3806291769962176j)
0.00484,(6.15796506210649-2.7419180597515296j)
0.00486,(5.624217094714145-2.7648947371793686j)
0.00488,(6.075528486557471-2.382787685508493j)
0.0049,(5.4351913278542066-2.9938324973359363j)
0.00492,(5.576293170962465-2.607337134421548j)
0.00494,(5.567788139389114-3.012346224359542j)
0.00496,(6.024946606994768-2.951673954679399j)
0.00498,(5.795389059528667-2.1097647616196054j)
0.005,(5.495813790076587-2.6387840151631607j)
0.00502,(6.104186414211556-2.739080114266684j)
0.00504,(6.030791577955233-2.216352082506483j)
0.00506,(5.979502547450373-1.9613356075521053j)
0.00508,(5.964439873891007-2.416123041695927j)
0.0051,(5.581370291282183-2.1597598709517483j)
0.00512,(6.285551973894028-2.6838744854974435j)
0.00514,(5.832345935272151-2.4818729130969617j)
0.00516,(5.9553615204812616-2.4975576350377167j)
0.00518,(5.9936649743121935-2.392050959693288j)
0.0052,(5.5510586573879745-2.1784550654171815j)
0.00522,(6.49815586131718-2.9898422730856877j)
0.00524,(5.857003469923541-2.79670766172666j)
0.00526,(5.877157562310187-2.6617591252828676j)
0.00528,(5.728519379614649-2.8233861727051024j)
0.0053,(6.249349605945874-2.423398771978775j)
0.00532,(6.26341572959215-2.427548364105297j)
0.00534,(5.918789913369968-2.480464053571634j)
0.00536,(5.377416659829847-2.6342308269328925j)
0.00538,(5.8112044837633965-2.0507444731218207j)
0.0054,(5.844361950239692-2.4277937458403294j)
0.00542,(5.715476972983246-2.550070608939187j)
0.00544,(5.538248574819926-2.47781888124723j)
0.00546,(5.347945954559408-2.2518894200249964j)
0.00548,(6.356406316229015-2.4286880108840503j)
0.0055,(6.113224351957931-2.78806517202874j)
0.00552,(5.877509045770987-1.9123863588153829j)
0.00554,(5.649434405559256-2.346010440667609j)
0.00556,(5.986062143175667-2.88400449295347j)
0.00558,(5.934068915978204-3.1052921730261787j)
0.0056,(5.732308508645836-2.2703959499728272j)
0.00562,(5.995921318393065-2.069143601385581j)
0.00564,(6.036820325102875-2.3493346127448005j)
0.00566,(6.095144150516395-2.29577220042232j)
0.00568,(5.569979942460558-2.2873772623229254j)
0.0057,(6.009778369532169-2.4984144790618337j)
0.00572,(6.25854864462256-3.060492980243204j)
0.00574,(5.964814915741826-2.7329599511965212j)
0.00576,(6.6020953436305705-2.235143740924862j)
0.00578,(5.80589409443899-2.304649782872685j)
0.0058,(5.293451271354728-2.5652106500584626j)
0.00582,(5.583060439748596-2.6827160463107385j)
0.00584,(5.64292450732829-2.442046262560748j)
0.00586,(6.052218713247051-2.614376689963888j)
0.00588,(6.143302593078787-2.526508799781618j)
0.0059,(5.911393445403129-2.4559216900082363j)
0.00592,(5.9635571734142525-2.75906914165819j)
0.00594,(6.504383871045599-2.2333151759026086j)
0.00596,(5.588995928763904-2.5548993846055574j)
0.00598,(5.841734161870702-2.3374730378319786j)
0.006,(5.715218222930827-2.478840801070509j)
0.00602,(5.474735479331702-1.985911051192997j)
0.00604,(5.191051114639616-2.3190302998544876j)
0.00606,(6.2981964787719695-2.3641349600355523j)
0.00608,(5.611292270361125-2.376238944539675j)
0.0061,(5.782560900541247-1.8053401545569894j)
0.00612,(6.0095558744128486-2.5147107939924678j)
0.00614,(5.469360909215382-2.4453639919615187j)
0.00616,(5.58788731988612-2.465066272631015j)
0.00618,(5.858776938148781-3.1553297789699197j)
0.0062,(5.719931681575267-2.4689955113969306j)
0.00622,(5.440726704963161-2.1612419858462033j)
0.00624,(6.068420865072244-2.32840613973188j)
0.00626,(5.7112803147251405-1.9963110159399866j)
0.00628,(5.911608841189302-2.238146022792656j)
0.0063,(5.885002976141912-2.332653860731912j)
0.00632,(6.189229816506066-2.2037190599393055j)
0.00634,(5.9837149731601125-2.378413635371006j)
0.00636,(5.578492874501144-2.5935427193104785j)
0.00638,(6.253427416441069-2.5428422747581156j)
0.0064,(5.708265260769345-3.2943459345048156j)
0.00642,(5.594739466201231-1.9683115278936225j)
0.00644,(5.5453507593783415-2.5660926972563565j)
0.00646,(5.084857083265126-2.847818658123395j)
0.00648,(5.663199762334855-2.622106719021428j)
0.0065,(5.998244838748069-1.914282916160388j)
0.00652,(5.4120695027904056-2.4760515774246556j)
0.00654,(6.435559126704707-2.414346051173892j)
0.00656,(5.119133564116024-1.8046022874331036j)
0.00658,(5.604960639260443-2.2215226147061147j)
0.0066,(5.370178479082819-2.5960603197227288j)
0.00662,(6.172049788258678-3.0666113227731824j)
0.00664,(6.083523998831031-2.286994722378778j)
0.00666,(5.77734574652217-2.7260754541003402j)
0.00668,(5.392100139329737-2.2800279948877122j)
0.0067,(5.466537620768744-2.516070759248427j)
0.00672,(5.9493546184063835-2.363744033632123j)
0.00674,(5.640645614608939-2.201382957809148j)
0.00676,(5.678678103784217-3.0764191705736805j)
0.00678,(5.841440292542801-2.457092042749585j)
0.0068,(5.728499951886759-2.5060630078587884j)
0.00682,(5.282806131974733-2.4040248024126387j)
0.00684,(5.4223939693304715-2.3318694407278358j)
0.00686,(5.430466634534966-2.4493331095271107j)
0.00688,(5.623511948528371-2.7159507750104996j)
0.0069,(5.896056842621283-2.8764678382717483j)
0.00692,(5.8823278348655395-3.0292352150002904j)
0.00694,(6.261557367066182-2.460108755199107j)
0.00696,(5.397016633517044-2.3244287469857707j)
0.00698,(5.968163935405542-2.6140052361416153j)
0.007,(5.603823128730878-2.223086362992996j)
0.00702,(6.524531830226006-2.538158626922153j)
0.00704,(5.830724052470767-2.528543479465301j)
0.00706,(5.678824996652223-2.979409300329276j)
0.00708,(5.957459222315997-2.647788844967861j)
0.0071,(5.931713356407287-2.193107249309681j)
0.00712,(5.739377093718652-2.034150223336512j)
0.00714,(6.064003482212507-2.5634349901295206j)
0.00716,(6.369485721924166-2.210954972927383j)
0.00718,(6.172082633288243-2.028521789721259j)
0.0072,(5.816393359023093-2.8124598017868254j)
0.00722,(6.458246569540168-2.394182989911962j)
0.00724,(6.026727781313036-2.4365559663920844j)
0.00726,(5.50011850629293-2.141659925625711j)
0.00728,(5.884329043486052-2.7783728475855574j)
0.0073,(5.793774114824267-2.3947638550796526j)
0.00732,(5.685560696756842-2.5861037793910446j)
0.00734,(5.970815722709327-2.3583427291212833j)
0.00736,(5.239688426320943-2.0928699438602614j)
0.00738,(6.40039921495292-2.0075679085493077j)
0.0074,(6.070004604130857-2.0899404260167005j)
0.00742,(5.25222753159161-2.8300865372576633j)
0.00744,(6.066053431318904-2.6576459802216075j)
0.00746,(6.0137812472413135-2.164547732412058j)
0.00748,(6.354458350535189-2.2983911001826076j)
0.0075,(6.440705902398199-2.5875715107556423j)
0.00752,(6.496870004549572-2.805486436258895j)
0.00754,(5.773428925439112-3.802262536521468j)
0.00756,(6.046297297288215-3.031387984183402j)
0.00758,(5.705898259663769-2.601823075595623j)
0.0076,(6.19216842892544-2.5967604931355557j)
0.00762,(5.1455428276886765-2.3629742548914923j)
0.00764,(5.440891303762201-2.2994549196886593j)
0.00766,(5.721401266050553-1.7469914377752909j)
0.00768,(5.8459545999101135-2.7566062066140153j)
0.0077,(5.920517028856286-3.1503916387389j)
0.00772,(6.290809924971663-2.80963333735042j)
0.00774,(5.649333795580649-1.941088333398024j)
0.00776,(5.435308562497852-2.4957042587307683j)
0.00778,(5.736843576656513-2.1625416079403608j)
0.0078,(5.664006111208975-2.6876189552356453j)
0.00782,(6.050428803003781-2.6671393396590295j)
0.00784,(6.3743592672198295-3.071397475532142j)
0.00786,(6.344361189334662-2.6102493056733698j)
0.00788,(6.229172962614249-2.496377134121998j)
0.0079,(5.676174554474369-2.210821619992949j)
0.00792,(5.812111472933915-2.3129817695033403j)
0.00794,(6.007562409267671-1.8376350866702404j)
0.00796,(5.6091505782238364-2.551275177000946j)
0.00798,(5.640203045908326-2.4191622519480553j)
0.008,(5.990849607710658-2.5052000776445302j)
0.00802,(5.411214772496972-2.7316994453285037j)
0.00804,(6.230226952248259-2.3634455408007313j)
0.00806,(5.732184248424915-2.5919032535798188j)
0.00808,(6.046209961812991-1.9456038355058218j)
0.0081,(5.934963588958839-2.7631466806471727j)
0.00812,(6.284088654865617-2.6132724262904214j)
0.00814,(5.15663146365657-2.9145835304545105j)
0.00816,(6.286172523356238-2.387207997835063j)
0.00818,(6.278728181423647-2.9425066027378715j)
0.0082,(5.959767804486812-2.502703147874437j)
0.00822,(6.039794857539161-2.8896497008070785j)
0.00824,(6.064817666425631-2.827873327930682j)
0.00826,(5.565661593729937-2.7549763328465464j)
0.00828,(5.884072237666971-2.2568332154223216j)
0.0083,(6.162697623160581-2.5315206215282484j)
0.00832,(5.270152537644869-2.540918956205822j)
0.00834,(6.023035684188785-2.312522139022416j)
0.00836,(5.8950470287912395-2.720026086702677j)
0.00838,(6.075141994119755-3.1552480643160608j)
0.0084,(5.442053260889107-2.866307377708999j)
0.00842,(5.618140112729239-2.5953078598629777j)
0.00844,(5.40064626529052-2.516317341190119j)
0.00846,(5.397063960512119-2.3137505384049475j)
0.00848,(6.142993896482777-2.548413036806042j)
0.0085,(5.669731353930632-2.1610258090935357j)
0.00852,(5.645234767792468-2.3794909172703695j)
0.00854,(6.229564882414008-2.969373027887294j)
0.00856,(5.7515294999428015-3.349096722833975j)
0.00858,(6.187267319277955-2.83580396987143j)
0.0086,(5.51623194781794-2.4540540472695684j)
0.00862,(5.7506040821247515-2.376318066723335j)
0.00864,(5.564134097218821-2.535148151370801j)
0.00866,(6.048656103825125-2.459922386881476j)
0.00868,(5.797052684954743-2.0598151130788183j)
0.0087,(6.109732959069666-2.4953274225238173j)
0.00872,(5.916977637776309-2.3833770734638855j)
0.00874,(5.217369383690106-1.967832099890885j)
0.00876,(5.77800105535374-3.103778536032743j)
0.00878,(5.354216223707031-1.9301046111541291j)
0.0088,(5.981526691847222-3.3530439022938143j)
0.00882,(6.051086056263339-2.7753425791211725j)
0.00884,(6.085661448894153-2.686380035965473j)
0.00886,(5.825072685617928-3.0444272552521285j)
0.00888,(5.321990843508571-2.5549537615309355j)
0.0089,(5.935886096506972-2.5170590583064856j)
0.00892,(6.001740180732181-2.253321053085741j)
0.00894,(5.805177194168089-2.2640584476380132j)
0.00896,(5.89452097155067-2.4421487411978378j)
0.00898,(5.236716640899275-2.1271944279768134j)
0.009,(5.888102794606958-2.2850262743539043j)
0.00902,(5.829896586055206-2.608310233374414j)
0.00904,(5.461782397940616-2.4603080606957266j)
0.00906,(6.042115682717001-2.711903220469065j)
0.00908,(5.701269836063004-2.9084951051310663j)
0.0091,(5.942398271233501-2.3573619809695865j)
0.00912,(6.0287056870779745-2.99962896878949j)
0.00914,(5.975625713261377-2.562482834366516j)
0.00916,(5.419097463289784-3.2660035945328256j)
0.00918,(5.73799064990298-2.4763403210831036j)
0.0092,(6.575845744607276-2.742325810122924j)
0.00922,(6.331203676071572-2.3106003598549734j)
0.00924,(6.144198737290314-2.5741571598707096j)
0.00926,(5.957467082529287-2.5425283353736847j)
0.00928,(5.536673951370121-2.482603863471349j)
0.0093,(5.811930079171011-2.7038184557595177j)
0.00932,(5.725212288885056-2.6888516318924167j)
0.00934,(5.837794293608738-2.688706125952002j)
0.00936,(5.383864984268448-2.5417230062908502j)
0.00938,(6.184191491494969-2.6856509503098507j)
0.0094,(4.970532623476442-2.349846748327098j)
0.00942,(6.15172852636316-3.089915765393201j)
0.00944,(6.158101645626775-2.9997153808169807j)
0.00946,(6.641637972173282-1.8704729320286022j)
0.00948,(5.7827621785202-2.6447143843356207j)
0.0095,(5.692696142433144-2.838233251257776j)
0.00952,(5.906140818996642-2.508498615796585j)
0.00954,(6.052631591911205-2.2443006400177223j)
0.00956,(5.835948568155463-2.2863265317732773j)
0.00958,(5.471675409925544-2.7493996048991907j)
0.0096,(6.052202792145843-2.6708905116842954j)
0.00962,(5.865806329174919-2.611244959094915j)
0.00964,(5.529963906805671-2.39620654198755j)
0.00966,(5.324412249233345-2.484840460845485j)
0.00968,(6.688997583891136-2.8056704509930417j)
0.0097,(6.1433732367390315-2.6698391536820343j)
0.00972,(6.0524865628455204-2.5884337676807685j)
0.00974,(5.82769996282721-2.005985149384404j)
0.00976,(6.096021249672243-2.5591201886923445j)
0.00978,(5.515263816989845-1.397097088620483j)
0.0098,(5.932491353333444-2.5897389683357526j)
0.00982,(5.947023867639741-3.061048678055947j)
0.00984,(5.523513047371432-2.3829275405909547j)
0.00986,(5.831210345206357-2.1509337055379256j)
0.00988,(5.7284375409159916-2.341635739961287j)
0.0099,(5.611374838523337-2.4344390574042913j)
0.00992,(5.686408409842975-2.6265631339313527j)
0.00994,(5.297074190757959-2.5950152932935766j)
0.00996,(6.220294094074498-3.275814958643709j)
0.00998,(6.386799507378264-2.213649189862145j)
0.01,(5.557249853096938-2.6263845894304554j)
0.01002,(6.236022747839342-2.117873824276002j)
0.01004,(5.855354770802417-2.677536622439347j)
0.01006,(5.862625488134835-2.5178285342670175j)
0.01008,(5.434260694276912-2.0836031399411636j)
0.0101,(5.68011380585351-2.054699313121699j)
0.01012,(6.04362894104091-2.2195921957890716j)
0.01014,(5.540912051747743-3.1237134625403815j)
0.01016,(5.6187954057111735-2.9256792137640195j)
0.01018,(5.696654649243409-2.2662909772931j)
0.0102,(4.470457520470234-2.8828080899707555j)
0.01022,(4.24339977980532-3.4754160419499875j)
0.01024,(4.346297225129197-3.4308573389513586j)
0.01026,(4.255504556267726-3.4146087414325414j)
0.01028,(4.448252757548076-3.851912451153403j)
0.0103,(3.9859647069095474-3.159047734045655j)
0.01032,(4.737703771211781-3.674817137928624j)
0.01034,(3.8523782938657076-3.3033792288725334j)
0.01036,(4.05914975767986-3.5690588781996193j)
0.01038,(4.026233133602279-2.8597151121958904j)
0.0104,(4.196072611767188-3.0171658977570974j)
0.01042,(4.0541171429256675-2.7894653506291816j)
0.01044,(4.09966311932656-2.949068624450472j)
0.01046,(3.907817085217784-3.5447652700210783j)
0.01048,(3.987810425190635-3.6779817089702975j)
0.0105,(3.38921611007807-3.8784751719739723j)
0.01052,(4.401452578971388-3.411257546146103j)
0.01054,(3.7933136736059736-3.491884684831075j)
0.01056,(3.970422141030822-3.514338399375193j)
0.01058,(3.7807220867199787-3.776360269346597j)
0.0106,(4.3238685137149115-3.3796700418575862j)
0.01062,(3.9528512550444503-3.6272917676192895j)
0.01064,(3.3195654506145678-3.660843616969618j)
0.01066,(4.227558860904646-3.4453706863122555j)
0.01068,(3.884894383818902-3.5259567298538834j)
0.0107,(4.12618478752241-3.9753933484143738j)
0.01072,(4.411369623256695-3.7625707352068654j)
0.01074,(3.804790078868238-3.322463489087993j)
0.01076,(4.117014843248628-3.5159101800675523j)
0.01078,(3.876754051401561-4.147515209015634j)
0.0108,(4.462865672842438-3.2670662705122915j)
0.01082,(4.160293627320584-3.5164798491884484j)
0.01084,(4.126278263736873-3.8539115402822044j)
0.01086,(3.7203386226894297-3.7229738484196093j)
0.01088,(4.384039837872381-3.444925079250659j)
0.0109,(4.42633764278414-4.236208790873484j)
0.01092,(3.8785930929586465-3.3598261013808006j)
0.01094,(4.185268947362701-3.1710873583978367j)
0.01096,(4.32997454442658-3.2031434469675184j)
0.01098,(4.873298806750348-3.115251249455718j)
0.011,(4.264350977630077-3.7599790862119584j)
0.01102,(4.133837983683628-3.1553426062967147j)
0.01104,(4.082089647878815-3.409229323110382j)
0.01106,(4.101910146257285-3.778433966191089j)
0.01108,(4.389740687451134-3.3444007872115913j)
0.0111,(3.839962964045922-3.3545286310083564j)
0.01112,(4.444869398756193-2.9864964242371164j)
0.01114,(3.620225116731574-3.100942096748216j)
0.01116,(4.356086899296609-3.730192029736934j)
0.01118,(4.448909833959299-3.3864426704356383j)
0.0112,(4.402699765706782-3.390013591234193j)
0.01122,(4.224103622475091-3.416231687958655j)
0.01124,(4.265605231204562-3.601614321352844j)
0.01126,(4.0005740011955035-2.9151057681780106j)
0.01128,(3.758990049925292-3.7077047983627445j)
0.0113,(4.2172135115342355-2.9445379474129822j)
0.01132,(4.156968723434326-3.974935373928225j)
0.01134,(4.441869637026282-3.6271398025178123j)
0.01136,(4.086881481909611-3.245142811372016j)
0.01138,(4.186957946491552-3.8509438746672715j)
0.0114,(4.229782175482996-3.7449999231240643j)
0.01142,(4.324772296591869-3.321679899042906j)
0.01144,(4.4501733642898875-4.076127594057397j)
0.01146,(3.8160629151661567-3.131738681996829j)
0.01148,(4.367875870196965-3.00714606592829j)
0.0115,(4.07378491692941-2.992840476384427j)
0.01152,(4.348179413872739-3.391489860928272j)
0.01154,(4.626798751884258-3.64259828564762j)
0.01156,(3.431181862923742-3.6208105018854058j)
0.01158,(4.538791642031561-3.4042149287225096j)
0.0116,(4.094513867240316-3.456805081898755j)
0.01162,(3.848821619481442-3.6267402403616127j)
0.01164,(3.9881352552847678-2.9720152075423476j)
0.01166,(3.790166567528351-3.582061183562465j)
0.01168,(4.303140250577578-3.0209056668768084j)
0.0117,(3.789037932004634-3.4666918746733133j)
0.01172,(4.5354164643180495-3.4873673173072643j)
0.01174,(4.3646134414578945-3.327318525938558j)
0.01176,(4.209693067052865-3.3316463518521973j)
0.01178,(3.4552589572740295-3.5481861781947064j)
0.0118,(3.6931234466349347-3.31177184995808j)
0.01182,(4.10725741488758-3.270814920044536j)
0.01184,(4.125416021656872-2.9489215519328678j)
0.01186,(4.447244108989756-3.476226636057264j)
0.01188,(3.163126429367061-3.7602784158309897j)
0.0119,(3.8809176517303987-3.725876986353667j)
0.01192,(4.413002523290158-2.7106927615204537j)
0.01194,(4.0215672312035196-4.126590923896238j)
0.01196,(3.9782019261599766-3.896642600306814j)
0.01198,(3.596562526589543-3.491344682179527j)
0.012,(4.486815882554394-3.705045017252753j)
0.01202,(3.972318581110416-3.2270465701328614j)
0.01204,(4.4985400952634755-3.256196274780214j)
0.01206,(4.6225599305743925-3.678216983203551j)
0.01208,(4.573018509642733-2.9987525441315617j)
0.0121,(4.123168813211941-3.867776388836158j)
0.01212,(3.9725823143515098-3.745750338433448j)
0.01214,(3.949876729990558-2.975849527497252j)
0.01216,(4.7900886111039025-3.935140194715969j)
0.01218,(4.063341436853193-3.3843755603409846j)
0.0122,(4.485028546477591-2.977250797696959j)
0.01222,(4.294774682713359-4.366415393413229j)
0.01224,(3.996797928491964-3.6125621884587917j)
0.01226,(4.049626876089307-3.184142628812382j)
0.01228,(4.528440793253212-3.590016349625411j)
0.0123,(4.144395690331087-3.4802310877476126j)
0.01232,(3.9827030313717526-3.4373234281209037j)
0.01234,(3.865017183816833-3.3957545625727352j)
0.01236,(4.240663840686348-3.768623488593663j)
0.01238,(3.961820769579926-3.2445869426057463j)
0.0124,(4.33193727195995-3.41499883579126j)
0.01242,(4.982024566208784-3.882027829618397j)
0.01244,(4.3066725467992875-3.655217931640051j)
0.01246,(4.735342609310186-3.971051178547385j)
0.01248,(4.761723137225663-2.9287190777032586j)
0.0125,(6.094018214248478-2.336449465601233j)
0.01252,(6.284570198033454-2.429282765418487j)
0.01254,(6.325966476524257-2.3167241556423264j)
0.01256,(6.292450017074791-2.4555081855742094j)
0.01258,(5.871552935231838-2.245961791403321j)
0.0126,(6.162664454819944-2.5426348289058707j)
0.01262,(5.526832188052764-2.266065364458792j)
0.01264,(6.40173320921315-2.9286245234195363j)
0.01266,(5.54864119129347-2.9657510319417897j)
0.01268,(6.284071440324557-2.471128385538251j)
0.0127,(6.213875782122003-2.2718457974426873j)
0.01272,(6.211757724869662-2.592255972181584j)
0.01274,(6.55455270957116-2.287296331659667j)
0.01276,(6.21682618150215-2.39670762443941j)
0.01278,(5.423829822605875-3.182947558049407j)
0.0128,(6.062643734262054-1.7255416741594065j)
0.01282,(5.236240115234544-2.9195588353666326j)
0.01284,(5.835648930341122-2.8149106376843216j)
0.01286,(5.725221997513931-2.116810655149604j)
0.01288,(6.078639489564765-2.493417839206511j)
0.0129,(5.591688900132478-2.7559357927541974j)
0.01292,(5.6016953832941585-2.6565351282037497j)
0.01294,(6.033090293255697-2.7934824613802234j)
0.01296,(6.257613778561939-2.766765817047919j)
0.01298,(5.866899925000182-2.2368997944085636j)
0.013,(6.640375237905321-2.66604093370226j)
0.01302,(5.751602312421578-2.85614626883899j)
0.01304,(6.092604079038444-2.7533367041144166j)
0.01306,(5.979776163937277-2.5517815900443344j)
0.01308,(5.751773839838267-2.7496953579858476j)
0.0131,(6.303156686502456-2.602662591943732j)
0.01312,(5.569250868746851-2.3839602682772916j)
0.01314,(5.174079539566748-2.660272860278057j)
0.01316,(5.823983302875896-2.7865740385465507j)
0.01318,(5.780401632188624-2.7322696571635916j)
0.0132,(4.574856405880441-2.9859546375907184j)
0.01322,(3.7173903307443172-2.7750189115481874j)
0.01324,(4.308543323979275-3.4846289498444487j)
0.01326,(4.268191642032416-3.2583678396940603j)
0.01328,(4.241574336605719-3.813299882805698j)
0.0133,(4.482000651297079-3.696720346543825j)
0.01332,(4.12615739189586-3.350016679145303j)
0.01334,(4.151368995807625-4.287878643096912j)
0.01336,(4.284067785523955-3.242459009023693j)
0.01338,(4.099987624961466-3.6881920855668726j)
0.0134,(3.682883283615163-3.859292195713932j)
0.01342,(3.997147212749286-3.3706090621161557j)
0.01344,(4.047655041749502-3.0191876235461574j)
0.01346,(3.946506399727895-3.6043385042771745j)
0.01348,(4.0284759446142075-3.4026203388557703j)
0.0135,(4.193842543498023-3.3487727339471j)
0.01352,(4.042661876984118-3.4199988087597104j)
0.01354,(4.418632989398842-3.8322316234708995j)
0.01356,(4.42383295549261-3.4254931240322963j)
0.01358,(3.341047632627821-3.438611872545331j)
0.0136,(3.656257870501198-4.409899072979422j)
0.01362,(3.3323913373850536-3.214142364391779j)
0.01364,(4.042703230586925-4.001219033799545j)
0.01366,(4.021973413440075-3.457251931093671j)
0.01368,(4.184299930697791-2.9940803217693754j)
0.0137,(4.414814499789634-3.5812733197747035j)
0.01372,(4.119727005600519-3.8487042564357967j)
0.01374,(3.9330120708648875-3.3136169504354664j)
0.01376,(4.132536161340731-3.0327011452192614j)
0.01378,(3.969343481126514-3.8695351989642113j)
0.0138,(3.641526080704887-4.286538618283983j)
0.01382,(4.453243377010813-3.1057757794908287j)
0.01384,(4.275497124382459-3.215272175704769j)
0.01386,(4.616949792528982-3.371704326953647j)
0.01388,(3.7216299692909223-4.099940244885526j)
0.0139,(3.5957189130199008-3.3007746326108847j)
0.01392,(3.8219880754380213-3.1554816708340327j)
0.01394,(4.266927475455692-2.7812011728970507j)
0.01396,(4.420292043779625-3.5938165743260457j)
0.01398,(4.229400983874149-3.4469832823022024j)
0.014,(4.181847434392944-4.217555841189399j)
0.01402,(4.418819907748564-3.1772151919960954j)
0.01404,(3.9808313122810284-3.1852651300509627j)
0.01406,(4.4861235385708795-3.365384329029671j)
0.01408,(4.795646723859433-3.104124518229383j)
0.0141,(3.779724384175101-3.7605921137203704j)
0.01412,(4.049288473429098-3.57271295509242j)
0.01414,(3.6706959600953377-3.559693668727439j)
0.01416,(3.8122474914891713-3.133596706450371j)
0.01418,(4.264822290232214-3.126116330585586j)
0.0142,(3.5721020375647843-3.394098418926312j)
0.01422,(3.8741125804743493-3.411565693098172j)
0.01424,(4.485184303306315-3.316358079744494j)
0.01426,(4.208457316592572-3.6121665858421226j)
0.01428,(4.38997443076803-3.046101641853367j)
0.0143,(3.702791022071198-3.6506447023588144j)
0.01432,(4.156548581607654-3.356816722882711j)
0.01434,(4.762881451299176-3.698758809770802j)
0.01436,(3.913341864217676-3.184390201691406j)
0.01438,(3.9713017638897012-3.5331992122824802j)
0.0144,(4.3278744431695495-2.811145163165214j)
0.01442,(3.8340307290419764-3.5421518485389494j)
0.01444,(4.37306002201189-3.187544227734838j)
0.01446,(3.535091247190513-3.710164819072833j)
0.01448,(3.3254259821124306-3.602412950915514j)
0.0145,(4.238787080569727-3.514016061368517j)
0.01452,(3.8073662540024547-3.382873490704083j)
0.01454,(3.945391783133614-3.748834953039168j)
0.01456,(4.426184146416052-3.690265894194117j)
0.01458,(4.342048689029527-3.4702397469639377j)
0.0146,(3.724870948564298-3.3671008519695333j)
0.01462,(4.307217034070541-3.5121005904272047j)
0.01464,(4.0339036060652775-3.559806953020608j)
0.01466,(4.273005067835113-3.942458302913666j)
0.01468,(4.1272541739699244-3.333202990118578j)
0.0147,(3.6328201034437875-3.2190456068386952j)
0.01472,(3.89626495237009-3.179601745662339j)
0.01474,(3.3299388534883856-3.4499554892081283j)
0.01476,(4.195699198786507-3.701111360742356j)
0.01478,(4.266273958248273-3.60726234876409j)
0.0148,(3.899166370477534-3.4485695382679378j)
0.01482,(4.095404827009004-3.50625311606427j)
0.01484,(3.809286074437631-3.7817259651152075j)
0.01486,(4.552774421647985-4.060782107901423j)
0.01488,(3.705323019050401-3.6852028032880124j)
0.0149,(4.030296936667453-3.592298745632051j)
0.01492,(3.7012169267023576-3.3969493967336475j)
0.01494,(4.2122492005412075-3.636561170310366j)
0.01496,(4.480041459730599-3.583833351862028j)
0.01498,(3.4419800119151915-3.4627946498422397j)
0.015,(4.525185823283248-2.87777859073982j)
0.01502,(6.236670117550765-2.6554561553922924j)
0.01504,(5.909013553576429-3.01622514303397j)
0.01506,(5.467902602536705-2.828173305393875j)
0.01508,(5.853333431783573-1.8973360668625388j)
0.0151,(4.385114657893967-2.771957701245716j)
0.01512,(5.22175371150309-2.936799247712284j)
0.01514,(5.1051273988186265-2.866158658024714j)
0.01516,(4.69393588870147-3.1123461245059096j)
0.01518,(5.198731678545368-3.379656186054412j)
0.0152,(4.755360929732249-3.1109010222675804j)
0.01522,(5.3059462265092145-2.497929259176564j)
0.01524,(4.575440290824505-2.9685112531735713j)
0.01526,(5.699991609941071-3.2495433936821487j)
0.01528,(4.060750375687027-3.508237002589637j)
0.0153,(5.549009467472378-2.86392086717149j)
0.01532,(5.008774025841676-2.467687186509236j)
0.01534,(4.913531050205167-2.5989561261636767j)
0.01536,(4.360337786313602-3.0692865941757614j)
0.01538,(3.847263924768601-3.308145929664706j)
0.0154,(4.012209637420879-3.9206752512402816j)
0.01542,(5.637101489085044-2.4560468403588454j)
0.01544,(5.86206080359221-2.6802919402404712j)
0.01546,(4.903988679061912-3.3999873706272687j)
0.01548,(4.963719364268104-3.3285733893817757j)
0.0155,(5.925711234015324-2.4733312326164443j)
0.01552,(5.509100422607733-2.6722746742155126j)
0.01554,(4.956167700353199-3.86368641503642j)
0.01556,(4.685666591403756-3.6963694090485775j)
0.01558,(5.132356491076285-3.167502593546139j)
0.0156,(4.6059317397051736-2.7286796657937256j)
0.01562,(4.399231836547919-3.0608455627663567j)
0.01564,(5.582587389355081-2.7164564508395976j)
0.01566,(5.5747569131845625-2.865921882930352j)
0.01568,(4.100414169003814-3.367896003605877j)
0.0157,(4.569444569941939-3.087018546594336j)
0.01572,(6.313467841502506-2.2818395353679772j)
0.01574,(5.289257491592579-2.3124672335834466j)
0.01576,(5.341265168560247-2.9034535673848807j)
0.01578,(5.00013081124162-2.938602359076431j)
0.0158,(5.500416517878741-2.6396973048358583j)
0.01582,(5.124885869103672-3.2884188701208026j)
0.01584,(5.632684500866635-2.6935636899293303j)
0.01586,(4.539524486168316-3.191885470879682j)
0.01588,(5.8926649429737115-2.863555811529293j)
0.0159,(4.653433480522965-2.7581432815273392j)
0.01592,(5.1213557392220785-2.25871655886481j)
0.01594,(5.348508028600122-2.894650274970206j)
0.01596,(4.837249803266232-2.545643568405033j)
0.01598,(5.596282633687742-2.535978210119007j)
0.016,(5.67734140397763-2.9324749989519328j)
0.01602,(4.2069122698030075-3.2712199472177748j)
0.01604,(3.4761369113518334-3.808067578848486j)
0.01606,(4.480743528593433-3.2420180422722336j)
0.01608,(4.463732023503679-3.1153594013616273j)
0.0161,(4.922276097340188-3.3345578481795806j)
0.01612,(5.8664351638605545-3.069799630736473j)
0.01614,(5.843663411973942-2.790924912915289j)
0.01616,(5.651071960897893-2.156135323894867j)
0.01618,(5.459597237845331-3.0742423527456846j)
0.0162,(4.200678208888386-3.196260401084581j)
0.01622,(4.764788375310708-3.5036680511248828j)
0.01624,(5.451698479051707-2.7207026824758858j)
0.01626,(4.271409505626873-3.1912036312695355j)
0.01628,(5.615424827918391-2.929333539569141j)
0.0163,(4.254981031589412-3.453829531748704j)
0.01632,(4.674629876310797-3.56296489650703j)
0.01634,(5.164462423753117-3.2622196320981134j)
0.01636,(4.707736313447889-3.351173165384985j)
0.01638,(4.890959214181026-2.6020285173036317j)
0.0164,(6.203261000669588-2.4946499283832444j)
0.01642,(5.041816478946847-3.629698064793419j)
0.01644,(4.096707123162352-3.2935117043854842j)
0.01646,(4.331276670872439-3.39297072651887j)
0.01648,(4.926160595726795-3.2439820088799562j)
0.0165,(5.551561015462533-2.805426747504459j)
0.01652,(5.034277000290765-3.278879093898431j)
0.01654,(4.1570119437956885-3.8912277235192305j)
0.01656,(6.026441417376414-2.663109296672735j)
0.01658,(4.300356210160199-3.4098310274727828j)
0.0166,(5.016984372351992-2.5938450922504317j)
0.01662,(5.078408247127554-2.6919013824912574j)
0.01664,(5.57136295207597-2.084292871627693j)
0.01666,(5.691839473789952-2.4625939997974733j)
0.01668,(6.009992438487145-2.8037044544167355j)
0.0167,(5.6161302202642975-1.9197680104542871j)
0.01672,(5.474216836348277-2.6061835780503606j)
0.01674,(6.1291572318137915-3.015203890325249j)
0.01676,(4.434330727351719-3.226571536144501j)
0.01678,(5.6890163570931795-3.2799510315683595j)
0.0168,(5.792596587308874-2.5282108528934035j)
0.01682,(5.415632402548869-2.808432550356553j)
0.01684,(5.1117448564833206-2.4254365698322933j)
0.01686,(3.7573311543714176-3.1821545651527923j)
0.01688,(5.4885439630971815-2.6582562100907796j)
0.0169,(4.487430466162594-3.4820475975481235j)
0.01692,(5.829695822944623-2.247284154910782j)
0.01694,(5.5241906108655625-2.7555895804118684j)
0.01696,(4.246289669546738-2.878510460924187j)
0.01698,(5.587215565267462-2.5695025847339914j)
0.017,(4.85944910768897-3.5135325081529145j)
0.01702,(5.841176614821508-2.8002145323752643j)
0.01704,(5.024810319611288-2.7663651596342835j)
0.01706,(5.861888913670915-2.256423833255516j)
0.01708,(6.05469664646502-2.9031579966044894j)
0.0171,(4.927265184798004-3.199730937821966j)
0.01712,(3.9308458219629516-3.0487514535837112j)
0.01714,(4.08972822750756-3.1762171353541557j)
0.01716,(4.831082983667486-3.541856530380452j)
0.01718,(6.425141890959227-2.5237721785377842j)
0.0172,(5.8499314940423535-2.3468572373967684j)
0.01722,(5.8433211900178685-2.389957360949977j)
0.01724,(3.4023105721981772-3.0406197357381997j)
0.01726,(4.968306993508928-2.8728468833456424j)
0.01728,(5.075338241430022-3.5607634923158957j)
0.0173,(4.248998361339682-4.031683424745872j)
0.01732,(5.145613287251719-2.9812242984097574j)
0.01734,(4.589126121452147-3.867502776312803j)
0.01736,(5.748392138155773-2.4125207903157064j)
0.01738,(5.726868570925635-3.148630688845895j)
0.0174,(6.050427641246202-2.9997242966765074j)
0.01742,(4.75087694790808-3.590391519352787j)
0.01744,(4.607139483398948-3.579029599374817j)
0.01746,(5.729091513172849-2.1064152305408372j)
0.01748,(4.330384411409543-3.4422450340989625j)
0.0175,(4.679683746464095-2.714317427450164j)
0.01752,(6.250542475637003-2.0315318040429147j)
0.01754,(6.264916135845434-2.6010561568281196j)
0.01756,(4.282992068700367-4.0484057547325225j)
0.01758,(6.022028273685872-2.61340019473159j)
0.0176,(6.29283148336732-1.7380333411952753j)
0.01762,(6.382636602453492-2.3572682098607047j)
0.01764,(5.455849866092594-2.5557679921107144j)
0.01766,(6.072731781445263-2.703818414007352j)
0.01768,(5.381744308293299-2.2542689797575513j)
0.0177,(4.193193268211893-3.226765000563772j)
0.01772,(3.6983777909599356-3.405369124913633j)
0.01774,(4.013595998518553-3.0712981109899635j)
0.01776,(5.38279134783538-2.1392027732480825j)
0.01778,(5.472041934327428-2.354253451469216j)
0.0178,(5.564501068913781-3.0289557224724803j)
0.01782,(5.620647753313118-3.027434102642604j)
0.01784,(4.14527218789861-3.705528229227892j)
0.01786,(5.144816014643327-2.612423217001858j)
0.01788,(5.307579946769129-2.85033022413713j)
0.0179,(5.270171097009013-2.065798197453414j)
0.01792,(5.422937613547544-2.3694411188501046j)
0.01794,(4.5013643393411185-3.21659898992687j)
0.01796,(4.13244946139291-4.003738401867043j)
0.01798,(4.209504632310596-3.440925945697362j)
0.018,(4.264179584799152-3.684378126061541j)
0.01802,(4.342849283683514-3.4622166266629146j)
0.01804,(5.16124369608611-2.656761172863486j)
0.01806,(6.267964261745308-2.700321071002185j)
0.01808,(5.907207099154246-3.131713021643874j)
0.0181,(6.070732078777751-2.219134444212027j)
0.01812,(4.912560082354447-2.548835475968532j)
0.01814,(4.185041791572068-3.4039102386491464j)
0.01816,(5.176074737119476-2.806071721935574j)
0.01818,(5.59433116715971-2.799796089855352j)
0.0182,(4.342926440586994-3.579099840152681j)
0.01822,(4.9417024369348415-2.5430125324180124j)
0.01824,(6.212038161891762-2.7494585695123934j)
0.01826,(6.059071121231621-1.829115383503897j)
0.01828,(5.10192518117666-2.183461373210739j)
0.0183,(6.1809453925597-2.5367826816239676j)
0.01832,(6.079736279209661-1.595148603932878j)
0.01834,(6.160957690233204-2.124756671026571j)
0.01836,(5.289428401782266-2.943475234067886j)
0.01838,(3.635957849461554-3.8412160069333523j)
0.0184,(3.7792272202702164-3.5913309779711393j)
0.01842,(4.703057309710081-3.534231379195359j)
0.01844,(3.591547953161169-3.7527789358437516j)
0.01846,(3.6520997467986627-3.8748173852078955j)
0.01848,(4.682518476865771-3.0215229445968483j)
0.0185,(5.404433981579425-2.203930059817422j)
0.01852,(6.043738757624039-1.8807665513226888j)
0.01854,(6.069624249922932-2.4744350483023716j)
0.01856,(4.531678307900753-3.1491663864541892j)
0.01858,(4.881884292437883-3.5670603278439765j)
0.0186,(5.615868798819318-2.4137923842481803j)
0.01862,(6.287344397157205-2.9362797967647785j)
0.01864,(5.388027711516813-2.398398808321819j)
0.01866,(6.23825411718503-2.514375374107819j)
0.01868,(4.57650849141036-3.480621483643081j)
0.0187,(4.098886622287097-3.994574352286355j)
0.01872,(4.622444071499649-3.5023348551626268j)
0.01874,(5.378714829504721-3.1681764939879793j)
0.01876,(5.2807085805063165-2.8480297928906295j)
0.01878,(4.715711908318042-2.4558549760217554j)
0.0188,(5.042365683424699-3.2675685162038772j)
0.01882,(3.7190043058757647-3.7243018079110466j)
0.01884,(3.7695916310365876-3.2834813406858157j)
0.01886,(4.741539999177121-2.9411392855728473j)
0.01888,(5.96085643557396-1.8225701756019757j)
0.0189,(5.699573379233387-2.162958344993452j)
0.01892,(5.624699321012575-3.162961096093132j)
0.01894,(5.92380488615257-2.3816080075337407j)
0.01896,(4.0229045296720365-3.271282625206901j)
0.01898,(5.340050060868455-2.096835946573315j)
0.019,(5.304746703338214-2.9661617862556313j)
0.01902,(4.8463235221058705-2.734540452398898j)
0.01904,(4.66316297722639-3.3182069759952064j)
0.01906,(5.580824173586651-2.653189637807298j)
0.01908,(4.0881587881438515-3.8516450704699388j)
0.0191,(4.415545683457619-3.9581493443587226j)
0.01912,(5.130083869841281-2.3601287301172382j)
0.01914,(6.279786773949076-2.4988105964696503j)
0.01916,(5.561627301595512-2.9269221936464795j)
0.01918,(5.3204775056301745-2.228495588139285j)
0.0192,(4.39081791106923-4.111872952813407j)
0.01922,(4.0174662447796035-3.7699603594246596j)
0.01924,(4.321992240058263-3.80357694638474j)
0.01926,(5.111291774839322-2.350274509454501j)
0.01928,(4.47083274945401-3.6445190847550553j)
0.0193,(3.8437634600912416-3.4736983406260205j)
0.01932,(3.554582950699144-3.298596976413666j)
0.01934,(4.450173411170754-2.9804711097985526j)
0.01936,(6.547822082640154-2.26822533429994j)
0.01938,(5.511346136480199-2.232918936809659j)
0.0194,(5.566142120173473-2.5885004366175637j)
0.01942,(5.731466280048257-2.2156287950926425j)
0.01944,(6.380763997134596-2.7184690680202195j)
0.01946,(5.746183826200648-2.6339986694257456j)
0.01948,(5.52491500202032-3.0122590719162674j)
0.0195,(5.6406401691037376-2.1412042043714776j)
0.01952,(4.230191125695056-3.8312153313005126j)
0.01954,(4.6426015797152225-2.8297263477647894j)
0.01956,(3.9530739022062784-3.220899432249048j)
0.01958,(3.9458130298356053-3.4335763218596873j)
0.0196,(4.509197322281364-3.377667827636609j)
0.01962,(5.655953257927329-3.05508420149293j)
0.01964,(5.182954546796853-2.514813746308513j)
0.01966,(4.115938821125749-3.6205645335694854j)
0.01968,(4.745907855337715-3.0123656292104j)
0.0197,(5.184319514081223-3.1310876817488205j)
0.01972,(3.959462047152404-3.9771328094304987j)
0.01974,(4.382463081033508-2.8388608546831113j)
0.01976,(4.27530063338829-3.451157413742926j)
0.01978,(4.6484914234592525-3.346053181564316j)
0.0198,(4.470016683094381-4.509257231568423j)
0.01982,(4.036405738566565-3.5236421013772534j)
0.01984,(4.072317525562319-3.2986470038217433j)
0.01986,(4.178095453964187-3.452493790933315j)
0.01988,(4.0763538583875505-3.5326707283785357j)
0.0199,(4.5736410657322955-3.5703457727568346j)
0.01992,(3.954386564795559-3.209809375469686j)
0.01994,(3.6331283884935637-3.931222639368258j)
0.01996,(5.173590563307848-2.9289080025467977j)
0.01998,(6.11687264111711-2.0217698925989738j)
0.02,(6.204249155748526-2.994234074655902j)
0.02002,(5.903962736573251-2.5354966568748005j)
0.02004,(5.65474426628907-2.867764925232866j)
0.02006,(4.292484394234081-3.299669534680598j)
0.02008,(3.9155879268251326-3.4889883546921365j)
0.0201,(4.318178126678854-3.2646633092769175j)
0.02012,(5.2355987749188175-2.6919180111434127j)
0.02014,(5.9495538963729295-2.5280834970395536j)
0.02016,(5.775804811668471-2.703089038689674j)
0.02018,(5.763175542071342-2.6388565187961057j)
0.0202,(6.234969844825126-2.7160105347599988j)
0.02022,(5.5446994811253925-3.260160705080792j)
0.02024,(5.0576724856362345-2.4910279598808263j)
0.02026,(4.937108151599354-2.701721283533101j)
0.02028,(5.628744137955458-3.083405204262969j)
0.0203,(5.627082102257311-2.0973197161807167j)
0.02032,(6.382437348402842-2.3661722228159756j)
0.02034,(5.508678017628972-2.867386509914239j)
0.02036,(5.621859037598582-2.569740718296382j)
0.02038,(5.665912484812052-2.935194122984047j)
0.0204,(4.117673310513267-3.1922256739686237j)
0.02042,(3.6761529010431673-3.8058616616556096j)
0.02044,(4.728646979215029-2.792359382743618j)
0.02046,(3.869218830849524-3.1138169928593395j)
0.02048,(4.052131593157092-3.908315646306464j)
0.0205,(5.059005160718761-2.503857472542358j)
0.02052,(5.460980202917424-2.906719964787751j)
0.02054,(3.9973943658935593-3.550207806219733j)
0.02056,(3.8275041638052736-3.2747537565611644j)
0.02058,(4.299881567902854-3.19178199972307j)
0.0206,(6.388867151491016-2.852774067728843j)
0.02062,(5.911344375076972-2.2216790531370165j)
0.02064,(5.770868828383574-2.6442410678086286j)
0.02066,(5.9964583343892786-2.2285790436541624j)
0.02068,(5.1742347414392595-2.545471785347888j)
0.0207,(5.661018797888315-2.835779532738896j)
0.02072,(5.257588662517539-2.289927191652503j)
0.02074,(5.746023063593227-2.6262353797325795j)
0.02076,(5.695030251153366-2.4484858218887253j)
0.02078,(4.986848375233642-2.3637131599457906j)
0.0208,(5.925774698230446-2.010244584278862j)
0.02082,(6.072060786845247-2.6452616978876833j)
0.02084,(5.801555829002051-2.7827043417747057j)
0.02086,(5.356558121443016-1.9513991703148257j)
0.02088,(6.287769214858475-2.498938993515131j)
0.0209,(5.6323856464447575-3.181715326211835j)
0.02092,(5.912819536885678-2.429231205296083j)
0.02094,(5.74797640019047-2.614540937945276j)
0.02096,(5.752328008726089-2.5892530289217395j)
0.02098,(6.01047158646543-1.6421089617215916j)
0.021,(5.896025457448804-2.8293371887003835j)
0.02102,(6.011201797502618-2.9793555482803056j)
0.02104,(6.01600697161395-2.09148929302114j)
0.02106,(5.619964498883097-2.6264007363883937j)
0.02108,(5.591737239994731-2.3936339199876873j)
0.0211,(5.772562926240227-2.2872550891240184j)
0.02112,(6.0218671493568365-3.083273395746243j)
0.02114,(5.34622310822022-2.1198021749580893j)
0.02116,(5.789805082357798-2.6871212054554205j)
0.02118,(5.854028692576195-1.8670442107089036j)
0.0212,(4.05832087327778-3.715418230873958j)
0.02122,(4.601547582064759-2.978092630810178j)
0.02124,(4.544651890775309-2.917759915854185j)
0.02126,(4.272494448647669-3.6631654783574636j)
0.02128,(5.41692905410702-3.1634350982653308j)
0.0213,(6.158808562075802-2.6046826881583445j)
0.02132,(5.910729567755541-1.993451704611833j)
0.02134,(5.707048260389432-2.440192276411199j)
0.02136,(5.734275446039061-2.3224205541653005j)
0.02138,(5.99286324523556-2.547840644870489j)
0.0214,(5.742094553315445-2.3426304294883917j)
0.02142,(5.360376262071005-2.3209442520876564j)
0.02144,(5.739129816213954-2.6989302817254663j)
0.02146,(6.2085599404763405-1.9091756236204602j)
0.02148,(5.008001942897927-2.567901193962826j)
0.0215,(6.333709291158565-2.156668171483355j)
0.02152,(6.05737770299499-2.920588290093146j)
0.02154,(5.787886105770832-2.2719977168493224j)
0.02156,(5.961910238716907-2.1450434626967834j)
0.02158,(6.186393757006099-2.4113673435697183j)
0.0216,(5.877158366629753-2.1413672969608464j)
0.02162,(6.1822413062579855-2.7357600538492624j)
0.02164,(6.149633287879153-2.342491297849883j)
0.02166,(5.92441222721452-3.0069104452975153j)
0.02168,(5.495787965380968-2.4504786612130243j)
0.0217,(5.8334399208490675-2.764300159570451j)
0.02172,(5.185583485992296-2.5229199422765345j)
0.02174,(4.455747804001736-2.9402528650106126j)
0.02176,(4.340485259181445-2.7207215691474476j)
0.02178,(5.660932308763528-2.927465915304252j)
0.0218,(6.084527785059295-2.0849085858394147j)
0.02182,(5.442551960793177-2.0336258268793057j)
0.02184,(5.903396849667021-2.391782176810381j)
0.02186,(5.752757342686071-2.0473499050969317j)
0.02188,(5.805887666711217-2.638325801220866j)
0.0219,(5.960787474275545-2.671304302668174j)
0.02192,(6.4738376004154805-2.669863240468568j)
0.02194,(5.998856016186529-2.2620180499387956j)
0.02196,(6.318782533167661-2.5324187150138155j)
0.02198,(6.331184057296569-2.7386060019378298j)
0.022,(6.1225854206681785-2.7226329585343385j)
0.02202,(5.2513902977591815-2.499595407162428j)
0.02204,(5.7861395115599725-2.7830662515887097j)
0.02206,(5.502480024833609-2.2772102670661307j)
0.02208,(6.820576406492107-2.101637827367328j)
0.0221,(5.531432236056866-2.175383990690425j)
0.02212,(5.3669440709791765-1.5296327424110203j)
0.02214,(4.596158102791799-2.5630569910035614j)
0.02216,(3.788553150102977-2.934924858546751j)
0.02218,(4.694538946408794-3.138731575974695j)
0.0222,(6.228441502650515-2.592807228937006j)
0.02222,(5.509301249120591-2.46029150853489j)
0.02224,(6.2565172717879465-2.444541330029334j)
0.02226,(5.84479504550679-2.541204830604104j)
0.02228,(5.704220528939665-2.8608386202564398j)
0.0223,(5.923638272829491-2.826478374146472j)
0.02232,(6.338549406166227-2.12227323390502j)
0.02234,(5.883061473538033-2.221956759384774j)
0.02236,(5.49660486345761-1.9070852630793664j)
0.02238,(6.007405932535847-2.6309206800773044j)
0.0224,(6.0020726123027055-2.662013148805819j)
0.02242,(5.8026001135336545-2.883062161586732j)
0.02244,(5.513719906101944-2.5480174731004333j)
0.02246,(3.370926268191084-3.797376556474769j)
0.02248,(5.032421818870276-3.0602844984420194j)
0.0225,(6.127474999325711-2.3955922024220033j)
0.02252,(5.383086540162871-3.0211574127655103j)
0.02254,(5.37160520867366-2.241020593291862j)
0.02256,(6.025529799332271-2.263312274227739j)
0.02258,(4.5254593047238165-3.407738414131347j)
0.0226,(4.587231110926423-3.5289332669540565j)
0.02262,(5.202016210150758-2.7607582664358143j)
0.02264,(5.933047684147611-2.033262787049839j)
0.02266,(5.977115063627851-2.4822224258888412j)
0.02268,(5.296956181069589-2.5067266220771844j)
0.0227,(5.918445550913615-2.7288790407699195j)
0.02272,(5.652454103665565-3.583038386177411j)
0.02274,(4.382411475450472-3.13456506244307j)
0.02276,(3.9434523006989166-3.5009636526783723j)
0.02278,(4.550787046830465-3.7917923256931285j)
0.0228,(4.1607539355940615-2.7965656088103117j)
0.02282,(4.703880839356712-3.3535303448929863j)
0.02284,(4.382844230520686-3.5686709888507826j)
0.02286,(4.226540422169749-3.160602819447236j)
0.02288,(3.740009202881935-3.3773518427601212j)
0.0229,(3.693974073872292-3.3838270959760366j)
0.02292,(4.667596784129116-3.7028915804782874j)
0.02294,(6.158601924326502-2.267889336624702j)
0.02296,(5.7709977950064255-2.1865728865672356j)
0.02298,(5.727090060906175-2.7010877393285364j)
0.023,(5.939986791056363-3.131630881401989j)
0.02302,(5.4176292070550955-2.183314350279765j)
0.02304,(5.710132516258848-2.2905139833831822j)
0.02306,(6.070204761403392-2.219300991692018j)
0.02308,(6.114794193232486-2.4846059113079915j)
0.0231,(5.743328555262785-2.179097195054439j)
0.02312,(6.3994414977290965-2.717623000752852j)
0.02314,(6.214353875284523-2.5622004314272893j)
0.02316,(4.570540094393456-3.4489768095923976j)
0.02318,(3.7087034174159372-3.1141738087699604j)
0.0232,(4.332163950846931-3.5155841141114723j)
0.02322,(3.983951003410807-3.422719772843606j)
0.02324,(3.920628021524513-3.3555672234798886j)
0.02326,(4.208271491303992-3.5795209403209216j)
0.02328,(4.373768502385046-3.2258606776238326j)
0.0233,(4.397949671206674-2.9473293158364857j)
0.02332,(4.152369189272297-3.173434831831595j)
0.02334,(3.369338048944383-4.074423189167932j)
0.02336,(4.452114757974935-3.463400253456358j)
0.02338,(3.8652821469115564-3.448260482094439j)
0.0234,(4.236767449848432-3.085915073093449j)
0.02342,(4.093254972405819-3.683029247892842j)
0.02344,(4.8819932285834255-3.8468084819570545j)
0.02346,(4.819939815443773-3.221465106110756j)
0.02348,(3.9808169637908777-3.5064093256178217j)
0.0235,(4.118774708971587-3.4579209696457234j)
0.02352,(5.184077170964667-2.7367039437282825j)
0.02354,(4.224496570893962-3.970364013268399j)
0.02356,(5.166493908003326-2.743293370305387j)
0.02358,(4.110009858491176-3.4012630477910037j)
0.0236,(3.9594170006724676-3.3223391091150303j)
0.02362,(4.284371500623296-3.568315362317531j)
0.02364,(4.107886599850203-3.4881671467602917j)
0.02366,(3.9731784148046465-3.6517685758120852j)
0.02368,(4.015013590647495-3.5848738004009673j)
0.0237,(4.079997848929314-3.8765866708058794j)
0.02372,(4.208183905693604-3.1559282331552274j)
0.02374,(4.227735834051172-3.513894028342633j)
0.02376,(3.5845092666679577-4.163044683466238j)
0.02378,(4.795758354522669-3.678456356566635j)
0.0238,(5.745340609114167-2.15415107387415j)
0.02382,(5.441491147899985-2.5644111949577035j)
0.02384,(4.875762766738326-3.0066392045914596j)
0.02386,(6.251404184221154-2.5008983142695933j)
0.02388,(6.135566565792587-2.337542269951241j)
0.0239,(5.898427770261321-1.9898056609419201j)
0.02392,(5.566992676722866-2.3516267431671203j)
0.02394,(5.412815881091387-2.397544435051737j)
0.02396,(5.552086844401893-2.690426499866779j)
0.02398,(5.870095254250836-3.014210758543879j)
0.024,(5.877119976230045-2.3418422988362684j)
0.02402,(5.648905119283416-2.314916255428792j)
0.02404,(6.158625508099795-2.133446949175415j)
0.02406,(5.994188772639201-1.9292863841662142j)
0.02408,(4.982265936544045-2.886629223568491j)
0.0241,(5.902416020161026-2.7046681279977802j)
0.02412,(6.117850432284063-2.277245381087932j)
0.02414,(5.933503590181976-2.499604084444058j)
0.02416,(6.059861199681046-2.018870028335642j)
0.02418,(5.778200502432524-2.5645269662322625j)
0.0242,(5.844273806532118-1.8329976661110234j)
0.02422,(5.851241873636433-2.4813385868122424j)
0.02424,(5.927385630316894-1.9574436614978985j)
0.02426,(5.6729898418284215-3.3022855489667085j)
0.02428,(6.23018692973894-2.3378833647210406j)
0.0243,(6.340285780645908-2.49223089151189j)
0.02432,(5.689018593812531-3.1978780941130585j)
0.02434,(5.4764574251120335-2.505105119412761j)
0.02436,(5.417607928451969-2.9125859485601646j)
0.02438,(6.00101424710152-2.6732179888622136j)
0.0244,(6.061971064054123-2.39827187318239j)
0.02442,(6.0024157069051975-2.540965688270109j)
0.02444,(6.0310777468894265-2.381228741810476j)
0.02446,(5.676567539142143-2.4476094678753344j)
0.02448,(5.202641980452976-1.7152072666274343j)
0.0245,(5.70026301737081-2.413583721541891j)
0.02452,(6.41731366370843-2.4624978249890224j)
0.02454,(5.954291311137105-2.359695061148089j)
0.02456,(6.007538160019716-2.508747630735533j)
0.02458,(6.167606329960631-3.0279909375152614j)
0.0246,(5.585996923834059-2.2693869589415843j)
0.02462,(5.940518086551634-2.069762471731547j)
0.02464,(6.036760149924797-1.9815882907497853j)
0.02466,(5.555185860337387-2.270209236075782j)
0.02468,(5.98731196908972-2.5896223096359745j)
0.0247,(6.297813883890026-2.412354587323065j)
0.02472,(5.732457980827673-1.9045450626613385j)
0.02474,(5.291904252491567-2.5746534809147836j)
0.02476,(5.923556774403967-2.8978348342689437j)
0.02478,(5.647176285038796-1.763550819507298j)
0.0248,(5.926387204675793-2.839370873332836j)
0.02482,(5.585308941878888-3.023939726838454j)
0.02484,(5.886349369708509-2.3936217932059067j)
0.02486,(6.275100573916939-2.3637425695143035j)
0.02488,(5.856758637275818-2.3473140488335726j)
0.0249,(5.316308367721918-2.207249611978199j)
0.02492,(5.991267787588957-2.5538922406891293j)
0.02494,(5.872661024689493-2.549089607132414j)
0.02496,(5.937101016754514-2.691069505962276j)
0.02498,(6.190424234102908-2.4544006853809988j)
0.025,(5.691002535697133-2.31935769927309j)
0.02502,(5.770011547384321-2.1977414800801145j)
0.02504,(5.522883775309074-2.7992672485064496j)
0.02506,(5.930478422627688-2.9154115291776j)
0.02508,(5.921738026773912-2.2050041174903767j)
0.0251,(5.779449770825915-2.676337842246446j)
0.02512,(6.115053227978364-2.8283867197433556j)
0.02514,(5.52046092307424-3.1167110840080072j)
0.02516,(5.908342393230482-2.030868254854359j)
0.02518,(6.066395774609227-2.4081119693867206j)
0.0252,(5.685339990487468-2.318169955793092j)
0.02522,(5.408180987450629-2.3541939169119734j)
0.02524,(5.300905623164934-2.4291545644972192j)
0.02526,(5.917796962306257-2.5077392068873063j)
0.02528,(6.4307009183835735-2.523429073867496j)
0.0253,(5.662785259316463-2.825635887764872j)
0.02532,(6.016465951678569-3.088461449164048j)
0.02534,(5.05758113427309-1.751457177636754j)
0.02536,(5.9904501142528215-2.4873407312135662j)
0.02538,(5.503223897368119-2.6458495121503365j)
0.0254,(5.7349179217781-2.7669869498742514j)
0.02542,(5.892314582324106-2.1501391596526225j)
0.02544,(5.312430558175845-2.4517581967624875j)
0.02546,(5.528931899809015-3.5878018150757693j)
0.02548,(4.451818649201199-3.3011924050594836j)
0.0255,(6.068360987460487-2.396231455681557j)
0.02552,(6.363581175553123-2.628876761372243j)
0.02554,(5.96375644786569-2.2283059352731893j)
0.02556,(5.456785293279881-1.7919693990947265j)
0.02558,(5.900260039199014-2.6406538264436605j)
0.0256,(5.253478322351375-2.594982749414282j)
0.02562,(5.75569584029437-2.7766429230495566j)
0.02564,(6.424989805100705-2.551165191212099j)
0.02566,(5.3956254399463885-3.1534585077827875j)
0.02568,(5.591301656872304-2.133553524061j)
0.0257,(6.483894062616972-2.9447217693287664j)
0.02572,(5.807946542205661-2.7687688711587173j)
0.02574,(5.568125046073582-2.4720618909666547j)
0.02576,(5.995760834908448-2.040855386646582j)
0.02578,(5.709759172005142-2.784752512291627j)
0.0258,(4.9607017341390085-2.562223900990188j)
0.02582,(5.412539612603339-2.402158936137886j)
0.02584,(6.55168929708178-2.723859017577064j)
0.02586,(5.975407812953621-2.540162104452926j)
0.02588,(6.353921158139357-3.0301656459230273j)
0.0259,(5.522959806619895-2.6758969162990947j)
0.02592,(5.847680390433338-2.089848196405197j)
0.02594,(5.809726633422175-2.2281118770859036j)
0.02596,(5.683594613034687-2.647921522881761j)
0.02598,(5.936103442853706-2.8376915905209064j)
0.026,(5.494436649978723-2.5707873836200665j)
0.02602,(6.269187008946344-2.9878867260722384j)
0.02604,(6.021777359283541-2.565589684717424j)
0.02606,(5.807990894037791-2.6366786630930203j)
0.02608,(5.910451292228665-2.6488680846212898j)
0.0261,(5.765240692730356-2.547051890994745j)
0.02612,(5.291514039817125-2.3210741108465913j)
0.02614,(5.535799873494262-2.846214941692007j)
0.02616,(5.806001102728971-2.1807833180359832j)
0.02618,(5.748423263528994-2.1249172901601012j)
0.0262,(6.081887016425561-1.7667546546376487j)
0.02622,(6.0528135971714105-2.401223463329411j)
0.02624,(5.679410659196117-2.0089883622134512j)
0.02626,(5.547030188647609-2.1745182571799697j)
0.02628,(6.117633937583803-2.4365204435727685j)
0.0263,(5.929122722998105-2.9056923151480922j)
0.02632,(5.658828185349453-2.201582914653708j)
0.02634,(5.485368791078469-2.420088796090115j)
0.02636,(5.640747116527983-1.9042154980609265j)
0.02638,(5.99667607078972-2.253264044642357j)
0.0264,(6.428294081102276-2.14805991537009j)
0.02642,(5.795388709760663-2.692769152176193j)
0.02644,(5.5883604371266165-2.418470164778692j)
0.02646,(6.58509420342288-3.1412007015038794j)
0.02648,(5.742061603506118-2.3151653596721493j)
0.0265,(5.601322307422611-2.094077019223909j)
0.02652,(5.73025617105478-2.036025158063394j)
0.02654,(5.7136541314112534-2.6183091790248136j)
0.02656,(6.2895424557971245-3.104581062911448j)
0.02658,(5.308114490546429-2.6792015180391178j)
0.0266,(6.064196191441217-2.525946035129804j)
0.02662,(5.8623728633143966-2.3637300143417876j)
0.02664,(5.680460654084613-3.1764795017588554j)
0.02666,(5.754052671487177-2.5348503948142j)
0.02668,(5.78246528645169-2.8458315790994737j)
0.0267,(5.895385161635123-2.017828972865377j)
0.02672,(5.715583269258247-3.2783083465397267j)
0.02674,(4.285343540001425-3.062435104804977j)
0.02676,(3.874859938918142-3.5531759088551342j)
0.02678,(4.861282456781186-4.182298532766334j)
0.0268,(4.470397536024658-2.9408583904505408j)
0.02682,(4.296828459145525-3.0499270685750317j)
0.02684,(3.9860354565635956-3.0833349266559162j)
0.02686,(4.40779601229244-3.4689604153774782j)
0.02688,(4.233736870007073-3.7238523827967107j)
0.0269,(4.173658480900109-3.47829795324032j)
0.02692,(3.9563004261039425-3.317983878101277j)
0.02694,(4.22550141908215-3.6808099000436636j)
0.02696,(5.734391974922428-3.18593598450895j)
0.02698,(5.8929164365849145-2.3356180224808423j)
0.027,(5.778131321878801-2.4348597869389725j)
0.02702,(5.899103567370845-2.191350902075029j)
0.02704,(5.880621433294894-1.9923209572772045j)
0.02706,(5.683648681033916-2.214553047295769j)
0.02708,(5.618955494088963-2.884098904287272j)
0.0271,(6.130446134000345-2.504331684146083j)
0.02712,(6.267806339735239-2.371007033189736j)
0.02714,(6.621303078268154-2.230268573299747j)
0.02716,(6.018779280189939-2.213967216740026j)
0.02718,(5.904928404966095-2.519347028029532j)
0.0272,(6.166620138713808-2.6634757496499213j)
0.02722,(5.563355035629541-2.1637708776427567j)
0.02724,(6.0802179706603745-2.374124690844668j)
0.02726,(6.212281531943562-2.4061699353156842j)
0.02728,(6.207433126577717-2.7348854279422112j)
0.0273,(6.421785159895046-1.8000611059077567j)
0.02732,(5.66655533709139-2.416985841871813j)
0.02734,(5.70191104688423-2.528939397924631j)
0.02736,(5.7943068693117015-2.4169649243743527j)
0.02738,(5.494172905292311-2.5438783620518386j)
0.0274,(6.0454928127894885-2.9295871320736593j)
0.02742,(6.091075494386661-2.4004409210854325j)
0.02744,(6.053210502505531-2.983866873395777j)
0.02746,(5.91581989864619-2.4656346851228443j)
0.02748,(6.2012955325735355-3.0310652364143342j)
0.0275,(6.0577512992920255-3.218103958411062j)
0.02752,(5.665187281243027-2.295665437964799j)
0.02754,(4.8827105611011685-2.8678814251090006j)
0.02756,(5.755747074016439-2.355263100193239j)
0.02758,(5.8790428148571-2.443558624950811j)
0.0276,(5.881810303320436-2.4510427812013686j)
0.02762,(5.806286584238681-2.7090210539780166j)
0.02764,(5.687085833709582-2.543671050532479j)
0.02766,(5.583758083127795-2.718770072746262j)
0.02768,(5.521703575856338-2.1850602779002424j)
0.0277,(6.011011136650589-2.6610049477905617j)
0.02772,(6.2287877892857075-2.5827979047692846j)
0.02774,(5.448947495350978-2.2517618027687765j)
0.02776,(5.845595226556201-2.7071749276219412j)
0.02778,(6.128933549256558-3.0970775901418817j)
0.0278,(5.803063438672645-2.8536507168805865j)
0.02782,(6.104694209211177-2.14807694477799j)
0.02784,(6.225474531000153-2.4724661680963487j)
0.02786,(5.9974922167558535-2.4026159491122883j)
0.02788,(5.700799645905531-2.401425832323272j)
0.0279,(6.304378491594716-1.9039148712663605j)
0.02792,(5.7768717797300875-3.1917212970656097j)
0.02794,(5.776881378195519-2.542601855754915j)
0.02796,(6.037654735772924-2.489979071204282j)
0.02798,(5.765533149664365-2.5067589242798127j)
0.028,(5.791421313654565-2.2334980111894067j)
0.02802,(5.741446311916571-2.22504163924591j)
0.02804,(5.805804657304848-2.5720552897856597j)
0.02806,(5.931680543411598-3.063169484609761j)
0.02808,(5.208460374023624-1.6638495187810902j)
0.0281,(5.833385041153377-2.5020787153882953j)
0.02812,(5.277705522867476-2.470840282429437j)
0.02814,(5.730492906213614-2.0792369516594333j)
0.02816,(5.97872919687214-2.6310937808655592j)
0.02818,(5.756869073426307-2.0694286880422315j)
0.0282,(6.100342709579605-2.602186167797169j)
0.02822,(5.981899598453687-1.8902989687583596j)
0.02824,(5.14733409199086-2.3482263500546776j)
0.02826,(6.265340336464767-2.7251518584965275j)
0.02828,(5.949255447855335-1.7732091169551607j)
0.0283,(5.6762834033605705-2.299201113823898j)
0.02832,(5.7094256651949165-2.7029573913875176j)
0.02834,(4.824729779754833-3.169045050098917j)
0.02836,(4.206573265574022-3.2674740007941665j)
0.02838,(4.351042564095544-3.0386424176616353j)
0.0284,(3.9073046449165902-3.3709809400661834j)
0.02842,(3.8323220760785386-3.389978444003349j)
0.02844,(4.180817214386424-2.98046165266358j)
0.02846,(4.5321961849194645-3.3005549848278903j)
0.02848,(4.4975807313323735-3.7192988065383985j)
0.0285,(4.410282888890399-3.7049799338213716j)
0.02852,(4.807352097133338-3.314809080122569j)
0.02854,(4.44208959569647-3.33262386279028j)
0.02856,(4.519529830158621-3.1373488086125834j)
0.02858,(4.163002006347704-3.3771261140473188j)
0.0286,(4.018412764991816-3.273377603777913j)
0.02862,(4.512200012993672-3.3839620198436915j)
0.02864,(3.8069606489343615-3.178584199068608j)
0.02866,(4.2752371669340405-3.251384398465268j)
0.02868,(3.9313336494480016-3.5861153132011574j)
0.0287,(4.247058742663674-3.562790039814927j)
0.02872,(4.223275125371671-3.3920301956926266j)
0.02874,(4.1883007586903656-3.4626430687784833j)
0.02876,(4.128068624152389-3.0619207920351648j)
0.02878,(4.311485761542813-3.4293600099635873j)
0.0288,(4.364908515639544-3.974469746993446j)
0.02882,(3.667674270620436-3.8939922930260398j)
0.02884,(4.118852330558331-3.5797071889144703j)
0.02886,(3.9946133947265383-3.25940346396965j)
0.02888,(4.198684276524419-3.7417511619646926j)
0.0289,(3.9952666461058266-3.2828907854554528j)
0.02892,(4.559006342863267-3.7556804694975456j)
0.02894,(4.111219869216183-3.4470748322439064j)
0.02896,(4.462823558223958-3.3618231511924064j)
0.02898,(3.8165850017390825-3.8810947349309495j)
0.029,(4.040396909554246-3.368121642401578j)
0.02902,(3.929073790376975-2.961482665360466j)
0.02904,(4.265201611483808-3.565849612120612j)
0.02906,(3.73898152863581-3.4745189224610042j)
0.02908,(3.564364144950183-3.4155397332970048j)
0.0291,(3.9254404135248575-3.469789470466625j)
0.02912,(4.321009377769045-3.4919836079761892j)
0.02914,(3.864059332355478-3.517741593394947j)
0.02916,(4.222500310796812-4.022478336065575j)
0.02918,(3.9182016437942284-3.349020842658099j)
0.0292,(3.5496956617612536-3.858324835096966j)
0.02922,(4.41795699100943-3.3745042148928723j)
0.02924,(4.350429519126526-3.2662741270409374j)
0.02926,(4.120698549687426-3.3643672886071108j)
0.02928,(4.148271993298989-3.7945559931840775j)
0.0293,(4.064798129771102-3.394864020572363j)
0.02932,(3.7897826135077244-3.5712159439392583j)
0.02934,(4.5693099376800514-3.6966221347881754j)
0.02936,(4.10043777667422-2.8121370385038347j)
0.02938,(4.2545217442631875-3.7993964860117364j)
0.0294,(3.9677006105794095-3.335089456993149j)
0.02942,(4.281599303694815-2.9914107191391075j)
0.02944,(4.515694746704819-3.3724038188092074j)
0.02946,(4.189515991897978-3.705043269488762j)
0.02948,(4.2541628061259-3.6837500796447253j)
0.0295,(4.426642287106394-3.965654258082372j)
0.02952,(4.3697566916810695-3.468842803220297j)
0.02954,(4.482022336951074-3.456583367311496j)
0.02956,(4.240930826278459-3.583564100485779j)
0.02958,(4.240749617135967-3.025396430770447j)
0.0296,(4.213764154728628-3.5124440776948647j)
0.02962,(4.422225676985432-4.016675953502695j)
0.02964,(3.990058042379559-2.9945079267348156j)
0.02966,(4.31082485299744-3.8828189980182457j)
0.02968,(4.89978689980689-3.317480622716286j)
0.0297,(4.253625849055141-3.2737692215692054j)
0.02972,(3.7349223554518955-3.512766160157432j)
0.02974,(4.037256009340831-3.1749585472084583j)
0.02976,(4.34090502199354-3.460339427799631j)
0.02978,(3.910443577273187-3.6057627671600128j)
0.0298,(3.808008844348151-4.180781592838819j)
0.02982,(3.6742192212819975-4.063089651359571j)
0.02984,(4.0645458791193-2.567843341984194j)
0.02986,(4.6712110671932665-3.240547778384802j)
0.02988,(3.956910918212718-3.066827620696793j)
0.0299,(4.4259186204929515-2.646894314094132j)
0.02992,(4.040958552136663-3.6048353113574976j)
0.02994,(4.004883746370124-3.5309126079768105j)
0.02996,(4.306292118560363-4.033872559765967j)
0.02998,(3.622741005972636-3.580382906098966j)
0.03,(4.690430565618326-3.5891295081045134j)
0.03002,(4.313080346502852-3.6140887816315947j)
0.03004,(4.484446360963387-3.133296409730356j)
0.03006,(4.048015246986214-3.245219194751488j)
0.03008,(4.29943701765953-3.1769051791543417j)
0.0301,(4.444909681664241-3.8902860778221564j)
0.03012,(4.103738203448867-3.47414933685285j)
0.03014,(3.8429067901343186-3.369236569251202j)
0.03016,(3.819599626969761-2.8610997476887814j)
0.03018,(3.9930355601667413-3.4448724751459747j)
0.0302,(4.20963573315111-3.53835086581606j)
0.03022,(4.079698846817097-3.121581339953941j)
0.03024,(3.9708365655267155-3.569875583434214j)
0.03026,(4.359982754633981-3.3271037861143773j)
0.03028,(3.9802866425579118-3.336983328498794j)
0.0303,(3.9347738859459613-3.6571573147698793j)
0.03032,(4.447101073449671-3.7142516245656894j)
0.03034,(4.317494506657021-3.510521988855305j)
0.03036,(3.725632158394097-3.6442723506222716j)
0.03038,(3.6903609084334428-3.9994393213156534j)
0.0304,(3.7647297091819927-3.2594967022035934j)
0.03042,(4.123766083550797-3.3098836336442545j)
0.03044,(4.526789808529224-3.7475938448379917j)
0.03046,(4.616434129589803-3.7799311914269538j)
0.03048,(4.384138306181162-3.3371284343553276j)
0.0305,(4.771602500994184-2.9159701812649472j)
0.03052,(4.201182935117536-3.159741326520021j)
0.03054,(4.503650520722493-3.099787691715926j)
0.03056,(3.9435728098219505-3.6014906252543826j)
0.03058,(3.6152731865839915-3.3615140110809523j)
0.0306,(4.0310906645972935-3.544133355265963j)
0.03062,(4.09226044440579-3.742024709986649j)
0.03064,(4.995597042698406-3.4347793086696683j)
0.03066,(4.133830219129467-3.789251208974696j)
0.03068,(3.7947048447478826-3.7483794170562375j)
0.0307,(4.455523947493658-3.6483651895017415j)
0.03072,(3.8807790429959805-3.6128273389841405j)
0.03074,(4.181821320726699-3.509825522981648j)
0.03076,(4.4264032265853-4.188761001309416j)
0.03078,(3.823428523318338-3.8107832925018315j)
0.0308,(4.6397945657467545-2.9763754177049964j)
0.03082,(4.509575496071708-3.5029499613152235j)
0.03084,(4.251734544253849-3.3128701454357565j)
0.03086,(4.71786840669072-3.3612816364238802j)
0.03088,(4.006558381027638-3.536091762447973j)
0.0309,(4.398697004286835-3.794311549287415j)
0.03092,(4.226914084626881-3.6832928246033165j)
0.03094,(3.9213596371823445-2.8471973246581115j)
0.03096,(3.931380837365101-3.677757060226373j)
0.03098,(4.8109982448335025-2.9261095737625746j)
0.031,(4.487079400272868-3.638437618498542j)
0.03102,(4.430477060005404-3.60639451514449j)
0.03104,(3.9255517588544184-3.474522795145025j)
0.03106,(4.3699562308894535-3.5586982719439058j)
0.03108,(4.011296879682924-3.812849648885424j)
0.0311,(4.699987612613763-3.5047376262003964j)
0.03112,(4.538276552242453-3.9907191495947005j)
0.03114,(4.440416799490788-3.378528787810842j)
0.03116,(4.4065647913568124-3.425068880407082j)
0.03118,(4.1047125210160855-3.25719316283475j)
0.0312,(4.296366954117837-3.6656156222431924j)
0.03122,(4.647752914168268-3.2539013921504685j)
0.03124,(4.289527452365429-3.3564451206761707j)
0.03126,(3.8537334904293306-3.4574935164474248j)
0.03128,(4.552290213726241-2.840965611602977j)
0.0313,(3.907498624305959-3.3430609147700965j)
0.03132,(4.124120907201508-3.6546236596188835j)
0.03134,(3.9760833985845796-2.9879064289593025j)
0.03136,(3.264313437811058-3.3299288596822763j)
0.03138,(4.192399361589266-2.9070560714458855j)
0.0314,(4.858232654423249-4.118322909063625j)
0.03142,(4.240636405436728-3.600200846169422j)
0.03144,(5.121741918910018-3.5993706554065845j)
0.03146,(4.082901994332717-4.129465194381833j)
0.03148,(4.2077906679921675-3.4447021165442577j)
0.0315,(4.099231117965617-3.6239091956893614j)
0.03152,(4.154085515994831-4.166304268580618j)
0.03154,(4.2573078066093055-3.7554178544260868j)
0.03156,(4.637407743765246-3.037871392018502j)
0.03158,(5.586409038595739-2.1970898191751767j)
0.0316,(5.868930515982614-2.737241441043769j)
0.03162,(6.071272882110308-2.7469590220269673j)
0.03164,(6.2927194015184424-2.2130516277969914j)
0.03166,(5.146764985243814-3.155192147109317j)
0.03168,(5.399901396813201-2.3021383167341245j)
0.0317,(5.879564121736142-3.1105849902475846j)
0.03172,(6.239124120545048-1.9526678074326336j)
0.03174,(5.705806842648051-2.2805428208178036j)
0.03176,(6.089013019965901-3.1146837764014297j)
0.03178,(6.525315095671029-2.6268297627959045j)
0.0318,(5.869474623846975-2.3942356564126848j)
0.03182,(5.789972345384636-3.1622978145155507j)
0.03184,(6.023311118087337-2.514512894948288j)
0.03186,(5.926034178066978-2.3394658759324076j)
0.03188,(5.951108493035634-3.1895066777947485j)
0.0319,(5.805737965352848-2.2512933779727664j)
0.03192,(5.780313271202506-2.5415773427358026j)
0.03194,(5.5312154646848-2.194396378641849j)
0.03196,(6.0704553744602885-2.578162193054828j)
0.03198,(5.519441187135659-2.8523604190968106j)
0.032,(5.593646872314944-2.884904707997151j)
0.03202,(5.466739531393439-2.6040308922704165j)
0.03204,(5.75730816451619-2.5629143717758023j)
0.03206,(5.874668514322927-2.145313770821131j)
0.03208,(5.499457703985476-2.5931001956320356j)
0.0321,(5.777251328656411-3.020107254128557j)
0.03212,(5.919935255046195-2.6526088019239116j)
0.03214,(5.342918546657572-3.008064688184339j)
0.03216,(5.612876459669951-2.3833535347257024j)
0.03218,(6.467575266044074-2.3067097712335323j)
0.0322,(5.629815752235289-2.249903225528154j)
0.03222,(6.102167643310654-2.600837488339252j)
0.03224,(5.696857880571566-2.733275451028466j)
0.03226,(5.932728031532704-2.6702436590581087j)
0.03228,(5.600257475344789-2.5304434853534894j)
0.0323,(5.232107396929384-2.669724477494813j)
0.03232,(5.719029050921127-1.9634629790523976j)
0.03234,(6.0133022011420625-2.622018092124466j)
0.03236,(6.092117528369812-2.534102917252168j)
0.03238,(5.9137023129419415-2.7504643014147376j)
0.0324,(5.606894109347678-2.74293739136612j)
0.03242,(6.172775590156552-2.9243467186867216j)
0.03244,(5.625368565790644-2.8428382252328626j)
0.03246,(5.645785903350749-1.875944919705407j)
0.03248,(5.5392813846443625-2.318713327469468j)
0.0325,(5.725012031372436-2.612960746636742j)
0.03252,(5.767498300173025-2.71885402403929j)
0.03254,(5.963797857856484-2.088231938023958j)
0.03256,(5.415058699896616-2.7785574464191245j)
0.03258,(5.712571500895566-3.0677369287061143j)
0.0326,(5.599163451191336-2.341600891565433j)
0.03262,(6.008548067926574-2.8089114367591366j)
0.03264,(5.966871426720235-2.9278264269905674j)
0.03266,(5.522858578618538-2.864138248503884j)
0.03268,(6.03010609224494-2.3616627347213566j)
0.0327,(5.848573491456992-2.53474666658422j)
0.03272,(6.130417904522004-2.8281539461662017j)
0.03274,(5.650647347427001-2.3434874880410796j)
0.03276,(6.062840283841824-2.7758436150727706j)
0.03278,(6.154353736916453-3.045214464756077j)
0.0328,(5.888999337521754-2.9359501708849582j)
0.03282,(6.565305681275794-2.4926666967023596j)
0.03284,(6.029851123895793-2.7611899109186915j)
0.03286,(6.453626891544179-2.464912650455141j)
0.03288,(6.706641879077933-2.129202078314631j)
0.0329,(5.308394856506227-2.7100017625214377j)
0.03292,(6.249909938283521-1.6112301383263756j)
0.03294,(6.038138794469428-2.407925880697951j)
0.03296,(5.773955115022339-2.6587640471253504j)
0.03298,(3.913688051766431-3.944900716327736j)
0.033,(3.8368725441496103-3.616174506316117j)
0.03302,(3.782928774454609-3.5828460235756543j)
0.03304,(4.875074007874493-3.246753574667164j)
0.03306,(4.2964354818080785-3.6985897978462603j)
0.03308,(3.68091534691711-3.3558733738382944j)
0.0331,(3.7831029875193924-3.485992829416384j)
0.03312,(3.458935185609757-3.1750772395648883j)
0.03314,(4.530994749075797-3.148793563950371j)
0.03316,(4.1490700198633945-3.388802952324093j)
0.03318,(4.3037008375131895-3.2450047264853144j)
0.0332,(4.134785278431056-3.1254784223088445j)
0.03322,(4.449908895828901-3.3208896007121247j)
0.03324,(4.001691838754383-3.4074046854131894j)
0.03326,(4.232455862749381-3.363595849875381j)
0.03328,(4.2253245360272595-2.962776351858159j)
0.0333,(3.7472087979838635-3.462458660834591j)
0.03332,(3.89296213108473-3.2570172270175384j)
0.03334,(4.033007294120667-3.725430882916958j)
0.03336,(4.240974400060607-2.999697933296628j)
0.03338,(4.596782380280731-3.3501584472227854j)
0.0334,(4.172553718549642-3.615115589850855j)
0.03342,(4.104736257647647-3.5233622605173083j)
0.03344,(4.237299718941969-3.572797142346925j)
0.03346,(4.08161937608624-3.498342521935688j)
0.03348,(4.126406819942803-3.430078595106126j)
0.0335,(4.6392774659986795-3.5655903779809357j)
0.03352,(4.0596197003173105-4.029344958482042j)
0.03354,(4.221288374138653-2.9085289061214814j)
0.03356,(3.9189891809019683-3.41123469535605j)
0.03358,(4.554255356191138-3.4095901660857204j)
0.0336,(3.8301757617435963-3.5160085815444813j)
0.03362,(4.456422929391525-2.9973172600372613j)
0.03364,(6.193524929368819-2.483929197728071j)
0.03366,(5.577363705534481-2.6036457555064336j)
0.03368,(6.155319528201246-2.58233526179915j)
0.0337,(5.182998234198741-2.0828964435557418j)
0.03372,(5.5020475668517435-2.4325372381305037j)
0.03374,(5.834629489279243-2.5117086555185506j)
0.03376,(6.6692389086526-2.645150529573955j)
0.03378,(5.914514996786793-2.6068417917698086j)
0.0338,(5.921615094724839-2.139787823472866j)
0.03382,(6.248600299887544-2.80544368892282j)
0.03384,(5.503908030360261-2.276767554896043j)
0.03386,(4.854917890597149-2.2644606863773267j)
0.03388,(6.443975986684697-2.4281235458870905j)
0.0339,(6.067578171806503-2.5632969778126573j)
0.03392,(5.717600608423674-2.994009046943368j)
0.03394,(5.885144810501453-2.278619716890682j)
0.03396,(6.216737386590397-3.0316859495849364j)
0.03398,(5.822936836995349-2.4443886390780394j)
0.034,(5.914320800532569-2.4826362588146442j)
0.03402,(6.5444708904644475-2.243990557102416j)
0.03404,(5.451507883309502-2.798571496220465j)
0.03406,(6.038429324435281-2.8150519204859545j)
0.03408,(5.458686367755026-2.321804306554007j)
0.0341,(6.3870978949791315-2.556935367847106j)
0.03412,(5.9637274437294066-3.172370345279309j)
0.03414,(5.63708293641383-2.5020681798038904j)
0.03416,(5.365834487125163-1.897417417212037j)
0.03418,(5.749294043265091-2.3171270244473297j)
0.0342,(5.927901301140833-2.8951977610002197j)
0.03422,(6.252169108619611-2.3434401860856426j)
0.03424,(5.501488286561208-2.1724013114282097j)
0.03426,(5.591151751448422-3.0750087098067866j)
0.03428,(5.700345937286723-2.595815891691542j)
0.0343,(5.607630309912607-2.0668198394348893j)
0.03432,(5.694507655333089-3.0080699630154433j)
0.03434,(5.550968083131744-2.5933141154677566j)
0.03436,(6.005071972711124-2.57172353481893j)
0.03438,(5.705045837965527-2.6385123021911165j)
0.0344,(5.869627798740617-2.0413831620606326j)
0.03442,(5.967460146697543-2.09257188755221j)
0.03444,(5.406223556991506-2.6008207028023547j)
0.03446,(6.063900850646776-2.8390389861245815j)
0.03448,(5.935843276128892-2.0756802423976066j)
0.0345,(5.936187366248546-2.2416939549645445j)
0.03452,(5.82159040210483-2.5056022025224975j)
0.03454,(5.776166137810915-2.2816982440135374j)
0.03456,(5.88396145448066-2.2841573748106447j)
0.03458,(5.897926604480008-2.7915161102298636j)
0.0346,(5.472632183664199-2.69799528787635j)
0.03462,(6.391125229139597-2.498121050705156j)
0.03464,(5.634105471689046-3.144449964579706j)
0.03466,(5.888261139014493-2.614224631924915j)
0.03468,(6.254426521660352-2.764115183507105j)
0.0347,(5.752099444814586-2.4428664600389j)
0.03472,(5.945017072078226-2.875385104296601j)
0.03474,(5.13561367256519-2.3568669760291825j)
0.03476,(5.2054238985141215-2.4258235172690013j)
0.03478,(5.857497381195939-2.53394680318959j)
0.0348,(5.92918110686412-2.3436019697615933j)
0.03482,(6.234734147877445-2.3025502400543214j)
0.03484,(6.133077941817481-2.5793025740657316j)
0.03486,(5.335342717970077-2.4881985718346997j)
0.03488,(6.288780782546297-2.7262216782640167j)
0.0349,(5.469170325963724-2.7301095304227747j)
0.03492,(6.1536188262463085-1.9731526111468913j)
0.03494,(5.715454633736838-2.567423325740215j)
0.03496,(6.7712913810224205-2.503908723776139j)
0.03498,(5.669242403480028-2.5257360659122408j)
0.035,(5.841348577042425-2.3761603221511525j)
0.03502,(5.918793098710954-2.6813225991876677j)
0.03504,(5.785187092760051-2.649261755224352j)
0.03506,(5.5336360197437-2.187666559494995j)
0.03508,(6.6007261571330496-2.9957720649804798j)
0.0351,(5.662470600273461-2.4376957983901852j)
0.03512,(5.650527515444735-2.7736416107653747j)
0.03514,(5.829558989030236-3.1696750774826272j)
0.03516,(5.930441706879409-2.5270622729389363j)
0.03518,(5.637738282489075-2.884815771741507j)
0.0352,(6.183855108914244-2.944447289609482j)
0.03522,(5.916934428913204-1.6347366402867085j)
0.03524,(5.872724047307013-2.3193057121987772j)
0.03526,(6.052058104204934-2.3111263399840354j)
0.03528,(5.583159025664803-2.517750972515805j)
0.0353,(5.671013811407893-2.8980483154509895j)
0.03532,(5.858675976464769-2.555165877349275j)
0.03534,(6.1759991483054595-2.61840530389484j)
0.03536,(5.7847319737226215-3.1414245815583186j)
0.03538,(5.760325376564582-1.9029018169852163j)
0.0354,(4.643607411235876-2.82980614938103j)
0.03542,(3.9028023844785817-3.7775987232691444j)
0.03544,(3.583792802029598-3.4589479403491517j)
0.03546,(3.666818853522068-3.959541822923822j)
0.03548,(4.255898195251578-3.812619955639568j)
0.0355,(5.240259778212341-2.987844792616899j)
0.03552,(4.198719073736576-3.6732422943344885j)
0.03554,(4.244892921339943-3.5060518077247793j)
0.03556,(3.880472907130018-3.465499341833669j)
0.03558,(3.78450792474488-3.5580285481315332j)
0.0356,(4.819355353230504-3.679557654032332j)
0.03562,(3.865517834267462-2.7436342398594147j)
0.03564,(3.467347818321738-3.7470065822095844j)
0.03566,(4.21582728933885-3.7979653168802323j)
0.03568,(3.9907196860143097-3.3364542388748246j)
0.0357,(4.332592566961129-3.928300618451692j)
0.03572,(4.6565153419550445-3.159590923445986j)
0.03574,(4.256973377425353-3.567027534072681j)
0.03576,(4.209613379338409-3.456990642311456j)
0.03578,(4.353846766990738-3.4014911247627726j)
0.0358,(5.035542430048325-3.6131835941653434j)
0.03582,(4.893476024601224-3.1947691451777547j)
0.03584,(4.028654088537804-3.2834164989158663j)
0.03586,(4.450575215155585-3.3278520251676804j)
0.03588,(4.729336802843177-4.004768747364633j)
0.0359,(4.365118422910663-3.616217366377419j)
0.03592,(4.111864395879546-3.5370983405129652j)
0.03594,(3.9680304119533125-2.920772007937604j)
0.03596,(4.166849035607723-3.971338021038828j)
0.03598,(3.7540338479585014-3.7127281608217446j)
0.036,(4.432419316346767-3.1394718374211155j)
0.03602,(4.5976158397909215-3.8129245335927386j)
0.03604,(4.00165924994947-3.7192265168544782j)
0.03606,(3.9837954857510876-2.9420083284156044j)
0.03608,(3.7819310655568135-3.3780744976435186j)
0.0361,(4.2896213316722935-3.214013058639533j)
0.03612,(4.130349795967138-3.259153902795894j)
0.03614,(3.652844214712287-3.4609719010833637j)
0.03616,(5.105612825047986-3.469514178650214j)
0.03618,(3.5412081524630286-3.2044481826326634j)
0.0362,(3.6540444072822367-3.782326871743576j)
0.03622,(4.447148350733494-2.9219938810394757j)
0.03624,(4.353007775336433-3.6780215200113155j)
0.03626,(3.8958735251587164-3.1589697777806305j)
0.03628,(3.8744000079252854-3.3313653342326104j)
0.0363,(4.286603265743588-3.6824527833810095j)
0.03632,(4.260015673194386-3.3388085839675j)
0.03634,(3.89934017634281-3.457507878248738j)
0.03636,(4.465262666258666-4.088525318684845j)
0.03638,(4.324594410048895-3.5289136493123117j)
0.0364,(4.579468472120468-3.9162406284281195j)
0.03642,(4.117366792816792-3.330837271177636j)
0.03644,(4.404038384176425-3.547175800456467j)
0.03646,(4.057883671398069-3.207522932760139j)
0.03648,(4.3143348074635846-3.7322573259256413j)
0.0365,(4.253248348692126-3.9319638574703673j)
0.03652,(4.416673561538321-3.8587340402020622j)
0.03654,(4.307140280379964-2.8266306916737243j)
0.03656,(3.50435908603839-2.490332615925632j)
0.03658,(3.9251308836930527-2.8328907653106947j)
0.0366,(4.161698907437018-4.013374886518857j)
0.03662,(4.28943186629044-3.9589792116746474j)
0.03664,(4.408928400520725-3.855036583632122j)
0.03666,(4.316870352504797-3.241951003758412j)
0.03668,(3.8990773819629867-2.797378161383901j)
0.0367,(4.440013598344248-3.1984014093564914j)
0.03672,(3.8642931880783458-3.4366795075122574j)
0.03674,(4.555059806182156-3.8081568379843254j)
0.03676,(4.57729820164427-3.5952188097265134j)
0.03678,(4.130607424694475-3.4704544161153654j)
0.0368,(3.917965030956502-3.2057767079963795j)
0.03682,(3.9019588663733282-3.666354148569394j)
0.03684,(3.769309498258999-3.3662705313439023j)
0.03686,(3.826433835353265-3.4083048500255004j)
0.03688,(4.073822740502287-3.4665536774810457j)
0.0369,(3.947500265379415-3.6318185007172468j)
0.03692,(3.59733895965876-3.459679691187055j)
0.03694,(3.97278440534987-3.5319649551916092j)
0.03696,(4.164937937275932-3.7606142778728184j)
0.03698,(4.020937202361567-3.2051605464119j)
0.037,(3.835668919681309-2.97510868217362j)
0.03702,(3.3369114187953-3.4432964299976057j)
0.03704,(4.51578742334943-3.515332292876713j)
0.03706,(4.1207697239890395-3.247079093949991j)
0.03708,(4.240874707132073-3.438236972817305j)
0.0371,(4.194248120093719-3.1198844547912263j)
0.03712,(4.29976410169981-3.464551732581536j)
0.03714,(4.214169375664077-3.304611901010316j)
0.03716,(4.166844454065627-2.9221737815237487j)
0.03718,(4.388406503937393-3.077435864743723j)
0.0372,(4.459935085499519-3.5522773528736677j)
0.03722,(4.5950733019740575-3.1395278164320115j)
0.03724,(3.8566698743493038-3.855935954584765j)
0.03726,(4.217118286456636-3.5669836199039042j)
0.03728,(3.598848347373259-3.222143062198132j)
0.0373,(3.973505073253979-2.990071564813992j)
0.03732,(4.0683146052226675-3.75047707934521j)
0.03734,(4.380944133859806-3.5091054500484558j)
0.03736,(4.094709963941819-3.4989861407739915j)
0.03738,(4.3582436862940215-3.530730959970901j)
0.0374,(4.018941903107806-3.905395826933315j)
0.03742,(3.9414066086969726-3.3330895188301235j)
0.03744,(3.866591768749492-3.9252025744440964j)
0.03746,(4.3642160456552155-3.1207378592557387j)
0.03748,(4.007843464118997-3.050067222087403j)
0.0375,(3.3251441221193234-3.712833844106377j)
0.03752,(4.345888621448593-3.9230305797885565j)
0.03754,(3.8242182853528712-3.5107328073773747j)
0.03756,(4.198371538030251-3.6733082578738414j)
0.03758,(3.757604069764957-3.569893683115164j)
0.0376,(4.138885157729737-3.4694792777037975j)
0.03762,(3.1771709557717944-3.81008496552934j)
0.03764,(4.122745925821426-2.94698265787139j)
0.03766,(3.842251656355402-3.7137250058890285j)
0.03768,(3.7113961800614486-3.188192369763873j)
0.0377,(4.38870167646281-3.7966196339293714j)
0.03772,(4.09441639011812-3.479545724839182j)
0.03774,(4.052604625711648-3.3498967936919795j)
0.03776,(3.8925391074388096-3.4547881079985765j)
0.03778,(4.432164170354153-3.584644979007594j)
0.0378,(3.9890626304148813-3.664332834173782j)
0.03782,(4.629887893956175-3.6355974726786906j)
0.03784,(4.543830611976796-3.7250543069741857j)
0.03786,(4.609074681029788-3.3889900789397274j)
0.03788,(4.456645557253891-2.8895812983107j)
0.0379,(3.931885420053284-3.380235189902068j)
0.03792,(4.1514579092124695-3.3014042103290953j)
0.03794,(4.0662857412310025-3.1392475488836378j)
0.03796,(4.41336376556092-3.6503433563372893j)
0.03798,(4.130442594137348-4.101446547562917j)
0.038,(4.052893538317312-3.499021377843751j)
0.03802,(4.686650878254613-3.2150123414660468j)
0.03804,(4.024833759010169-2.8298996305775823j)
0.03806,(3.925828542025851-3.826738436078019j)
0.03808,(3.9999921035054293-3.1334039869592067j)
0.0381,(4.491052462726319-3.412994007107464j)
0.03812,(4.1965693947614495-3.629607823084506j)
0.03814,(4.286792665959081-3.8486621091032074j)
0.03816,(4.212639999400915-3.6946328446259744j)
0.03818,(3.403008464141554-3.3089070059449277j)
0.0382,(3.777704439726162-3.0924112748008143j)
0.03822,(4.041051895156737-4.408080077715912j)
0.03824,(4.238890371063492-3.3291757895841574j)
0.03826,(3.8058726762718953-3.6911810329448347j)
0.03828,(3.7955942415271062-3.6600638557842418j)
0.0383,(4.029875079915639-3.3611654226486185j)
0.03832,(4.576068258249028-2.859634475608842j)
0.03834,(3.4163524046392046-3.7392834744335333j)
0.03836,(3.2501242080218242-3.531873518343498j)
0.03838,(4.712423122308002-4.025159019832302j)
0.0384,(3.623846884437903-3.3538336760850322j)
0.03842,(3.9988671119438237-3.730000920776966j)
0.03844,(3.633721182821943-2.974649135513424j)
0.03846,(4.033118908908852-3.379893403397785j)
0.03848,(4.0885992870004735-3.5944126721286573j)
0.0385,(4.670863492053668-3.592094495783567j)
0.03852,(4.374199552538643-3.3784247198276245j)
0.03854,(3.7062666147166907-3.269634391633339j)
0.03856,(3.497984129308261-3.8896120963609024j)
0.03858,(4.300534367905769-3.5495343197491644j)
0.0386,(3.960770503931019-3.5008855889318404j)
0.03862,(3.8929402020505153-3.429432595091573j)
0.03864,(4.528902351012729-3.0647205319313837j)
0.03866,(3.5484939529699346-3.975174705809994j)
0.03868,(4.011870252011661-3.181357720837463j)
0.0387,(4.344233654864684-3.3785349352897898j)
0.03872,(3.7405397474779782-3.665933779419127j)
0.03874,(4.566676336990809-3.2312371436336096j)
0.03876,(3.7967554402670265-3.6277061077579145j)
0.03878,(4.110502294005077-4.10411874796865j)
0.0388,(3.902871618980312-4.64460464506646j)
0.03882,(3.2206043554859654-3.9054704516318033j)
0.03884,(3.9937788043630498-3.681393925965322j)
0.03886,(4.3980653984320055-3.442767210244488j)
0.03888,(3.7891287815703993-3.3008992238577415j)
0.0389,(3.924571976343535-3.5860173600936216j)
0.03892,(3.961822088496588-3.9700336849720514j)
0.03894,(4.312662707110485-3.6268372722027538j)
0.03896,(4.014058694535309-3.572754206640867j)
0.03898,(4.1416971742708455-2.9208149885761894j)
0.039,(4.146052888944566-3.314385788466947j)
0.03902,(3.9594981285052517-4.05215460368081j)
0.03904,(4.69718221299257-3.6050128394704206j)
0.03906,(3.7922093948779367-3.267836710462361j)
0.03908,(4.368297167350382-3.493000400393343j)
0.0391,(4.559242429844252-4.041261439341904j)
0.03912,(4.087874160897602-3.2272002272262337j)
0.03914,(4.154255681190535-3.3788472019641245j)
0.03916,(4.3107630696175985-3.5523332234057543j)
0.03918,(4.010222363563567-3.768787857817788j)
0.0392,(3.5019429717145414-3.162223407292289j)
0.03922,(4.050850210728254-4.10466523333789j)
0.03924,(4.6825752416722155-4.018092548474137j)
0.03926,(4.323590149305413-3.744942730139205j)
0.03928,(4.1596875273310845-3.3992541626073716j)
0.0393,(4.386056666686185-3.9546962262413423j)
0.03932,(4.085842696103653-3.6815758387363027j)
0.03934,(4.143799649549093-3.6137875744183123j)
0.03936,(3.990233674510524-3.3856075595604542j)
0.03938,(4.293143144852558-3.5922693941521864j)
0.0394,(3.9552628559600933-3.591021928993795j)
0.03942,(4.028880845675609-3.7352701821609333j)
0.03944,(4.426965176231092-3.1369907654424902j)
0.03946,(4.06920523595617-3.2800835797670764j)
0.03948,(4.3223929754682855-3.2920685431951178j)
0.0395,(4.349954943137562-3.7593407682607896j)
0.03952,(4.1084056942192975-3.6708657462914323j)
0.03954,(4.017469705676971-3.341196517153218j)
0.03956,(3.6940558237590655-3.6958337056459487j)
0.03958,(3.768511286731552-3.8088378770888416j)
0.0396,(4.337009478287115-3.4037647029169853j)
0.03962,(4.330846831424013-3.935960477160611j)
0.03964,(3.8040226788580553-3.569806382800063j)
0.03966,(4.2661108666250955-3.202576052622189j)
0.03968,(4.206089405458856-3.451573846248927j)
0.0397,(4.445811907819445-3.849037877915582j)
0.03972,(4.855804835913281-3.3424540349662237j)
0.03974,(4.32558331535814-3.7003329302689147j)
0.03976,(3.903709669927993-3.218119598086632j)
0.03978,(4.3817710929221905-3.330285207333175j)
0.0398,(3.786661589911786-3.6157124352032337j)
0.03982,(4.8744386151245065-3.7499637961758108j)
0.03984,(3.725177985663594-3.7830951770316306j)
0.03986,(4.2801471372559305-2.636777704494097j)
0.03988,(4.134597825537023-4.263792493819107j)
0.0399,(3.9960811749506253-4.08675866192487j)
0.03992,(3.975106689279024-3.1325065104471475j)
0.03994,(4.587906681213301-3.2044588046427744j)
0.03996,(4.322791550478148-3.3798860481378394j)
0.03998,(4.083190175340236-4.163974134210971j)
0.04,(4.711374491274203-3.320392745170037j)
0.04002,(4.094414259415461-3.826553503944483j)
0.04004,(4.378933400043859-3.5329412539839526j)
0.04006,(3.6871739552358758-3.364375136604846j)
0.04008,(3.7049819682371368-3.3311376260819974j)
0.0401,(4.370558662778034-3.716896488991954j)
0.04012,(4.236661314131895-3.0716903829463993j)
0.04014,(4.8495524497697495-3.229033247940357j)
0.04016,(3.898867760330156-3.820050585166222j)
0.04018,(4.359213786331776-3.659923000653641j)
0.0402,(4.052062094265008-3.752887931931321j)
0.04022,(4.416717423485976-3.520876745746039j)
0.04024,(4.390242588629696-3.29027466792705j)
0.04026,(4.124799474157198-4.116900316863643j)
0.04028,(3.8871288363384537-4.161390973853007j)
0.0403,(4.0209032275935-3.7773553171650565j)
0.04032,(3.763047012816599-3.0491016099562223j)
0.04034,(4.2555704944641235-3.420813729274906j)
0.04036,(3.1976788895330586-2.9742755167859496j)
0.04038,(3.940268042776894-3.5519169577502634j)
0.0404,(4.4353425178816055-3.780679223018826j)
0.04042,(4.4273688922189-4.058811640922598j)
0.04044,(3.5966096698098253-3.776388154275985j)
0.04046,(4.328274303097703-3.7067212951551993j)
0.04048,(3.7535810024329974-4.308400840832337j)
0.0405,(4.007870013369979-3.7803605919082117j)
0.04052,(4.389294667265401-3.783287504859353j)
0.04054,(3.8089278393244035-3.4927506479138493j)
0.04056,(4.609618795035261-3.5140492354113855j)
0.04058,(4.2196112603174285-3.3933255684783528j)
0.0406,(4.28821072230273-4.040899298418261j)
0.04062,(4.493049520111149-3.87833832944263j)
0.04064,(4.430799693118362-3.191354508257855j)
0.04066,(4.401717620985707-3.5863551171267884j)
0.04068,(3.9147298627522886-3.2176884050326002j)
0.0407,(3.763665421774746-3.547069301998209j)
0.04072,(4.039881427510135-3.437609357995357j)
0.04074,(4.292110576350964-3.3237700671195634j)
0.04076,(3.7054443609149645-3.6854938643642354j)
0.04078,(4.328259857642384-3.7223726899755216j)
0.0408,(4.258797867599055-3.7266593257720064j)
0.04082,(4.073372006072308-3.5259865555437337j)
0.04084,(4.154482283849066-3.308601740485871j)
0.04086,(4.1556781117687445-3.635541427168657j)
0.04088,(4.281178975034052-3.1149738443769843j)
0.0409,(4.38278063095531-2.9167911379945632j)
0.04092,(5.091119375703789-3.7928295069130717j)
0.04094,(4.1903343785058835-3.103854081625248j)
0.04096,(3.9192712530215283-3.5059652760973288j)
0.04098,(3.4985797225730533-3.3730825816119454j)
0.041,(3.664653553217716-3.5446417183186347j)
0.04102,(3.8815181113285253-3.093626319652337j)
0.04104,(4.363788133474166-3.3842079669870966j)
0.04106,(4.002349939615602-3.6159005441116308j)
0.04108,(4.269550623214503-3.639132709772437j)
0.0411,(3.8899577943430783-3.900425433403582j)
0.04112,(4.285788392972081-3.6905364365721396j)
0.04114,(4.424779644645885-3.093225640865896j)
0.04116,(3.9999053848897637-3.139000499943434j)
0.04118,(4.278968144090389-3.71335984496483j)
0.0412,(3.9871730715464757-3.866004285687718j)
0.04122,(3.723350585927095-3.1827418996002286j)
0.04124,(4.3185398275680935-3.356955591219697j)
0.04126,(4.27155728386742-4.158683940369041j)
0.04128,(4.33179402430576-2.5400909119843216j)
0.0413,(4.452485447818738-3.4961155192532054j)
0.04132,(4.051038345578118-2.932778469289841j)
0.04134,(4.075591768243167-3.4419340698219503j)
0.04136,(4.039013830126817-3.8469131133380134j)
0.04138,(4.249070674877355-3.4353190290182383j)
0.0414,(4.087725439814549-3.989187205432693j)
0.04142,(4.175945870329897-3.5419753210005624j)
0.04144,(3.89376000066986-3.8626764997968768j)
0.04146,(3.791442885061339-3.568138965404298j)
0.04148,(3.8310656991228447-3.417331474423352j)
0.0415,(4.272838211174892-3.4014943809743423j)
0.04152,(4.11968730234057-3.9866059434093577j)
0.04154,(3.969462008949591-3.714935951825612j)
0.04156,(4.355087163073738-4.158418968579186j)
0.04158,(4.619917334828495-3.29304814264019j)
0.0416,(3.9690506329199744-3.432396494093225j)
0.04162,(3.7726433252151343-3.891622992402183j)
0.04164,(4.449016185356017-3.031367193252485j)
0.04166,(4.139117609245007-3.344478358649691j)
0.04168,(4.072849105497063-3.5350775250780053j)
0.0417,(4.473225546362989-3.6577710727120336j)
0.04172,(4.046459248671554-3.712516871533775j)
0.04174,(4.266328414322508-3.76307630822794j)
0.04176,(4.187396323221871-3.108680447633186j)
0.04178,(5.215474727347644-3.408510827818646j)
0.0418,(4.089210396610563-3.849656611862322j)
0.04182,(4.446246805718764-3.067711275052825j)
0.04184,(4.050422088296131-3.530131199106987j)
0.04186,(4.28398876160831-3.806336833618407j)
0.04188,(4.068647908368934-2.8415099669941144j)
0.0419,(4.399108811437336-3.8649984120027963j)
0.04192,(4.102081668553888-3.7750788601150704j)
0.04194,(4.301807940174568-3.4999307668334896j)
0.04196,(3.8819760700536747-3.3925910432034216j)
0.04198,(3.8684285723159886-3.7509551595837864j)
0.042,(3.5066176003475227-4.236946440608732j)
0.04202,(4.255908619981148-3.4891731661961622j)
0.04204,(3.917643695472937-3.8486586849243736j)
0.04206,(4.865806675624241-3.619686934390103j)
0.04208,(3.9765342314394885-3.770079177134151j)
0.0421,(4.549441828478198-3.861206311606649j)
0.04212,(4.515429534116564-3.5888207389490905j)
0.04214,(4.051970746432938-3.710702484304631j)
0.04216,(3.888396306024402-3.780018916895193j)
0.04218,(4.0890775113822695-3.1781284782359824j)
0.0422,(4.51227385614213-3.8316420858290847j)
0.04222,(4.895803616313593-3.584165948921331j)
0.04224,(3.722363406204445-3.5124957546601405j)
0.04226,(4.13873382109428-4.063537514313974j)
0.04228,(3.932467233590001-3.872567241453264j)
0.0423,(4.013401372388432-3.5131843389796735j)
0.04232,(4.702929127386277-3.525666892963942j)
0.04234,(3.8774506976978484-3.762721523477337j)
0.04236,(3.598174570924046-3.5086780473650396j)
0.04238,(4.201316018355905-3.4107690663351926j)
0.0424,(4.260501239434548-3.304390332031088j)
0.04242,(3.9936161130140557-3.2778532247228758j)
0.04244,(3.906855015876916-3.096974739864946j)
0.04246,(4.187420991869727-3.464120347087296j)
0.04248,(3.684006736100214-3.962983869276784j)
0.0425,(4.274563618132355-3.598579547641322j)
0.04252,(4.01806999697442-3.9230195234892675j)
0.04254,(4.596309873828427-3.2183191786947654j)
0.04256,(4.24011259713243-3.04229421507835j)
0.04258,(4.082817962562135-3.5020414694847357j)
0.0426,(4.05740862886499-3.1125575427752965j)
0.04262,(3.4894032163400706-3.1353318714824296j)
0.04264,(4.092604064185116-3.3987755409438694j)
0.04266,(4.06622575075612-3.3244439348668635j)
0.04268,(4.151113694510874-3.1837607522984657j)
0.0427,(4.0705420086208015-3.9653363294913713j)
0.04272,(4.610077525452942-3.4173934469070897j)
0.04274,(4.0443317228506634-3.315304219549795j)
0.04276,(3.8526724048825605-3.9781662551782633j)
0.04278,(3.579070344306018-2.862592920869242j)
0.0428,(3.9853343211877887-3.1358273960429828j)
0.04282,(3.7849623893044617-3.133095454988648j)
0.04284,(3.701333810493998-3.3637018397995186j)
0.04286,(4.030056843569026-3.8161933445242227j)
0.04288,(4.513403351728603-3.9228252557417584j)
0.0429,(4.44564915264762-3.533073344778087j)
0.04292,(3.706643143279033-3.267725589819024j)
0.04294,(4.1462038340814-3.3191697483245433j)
0.04296,(4.275020970687662-2.929924356281358j)
0.04298,(4.328871618544342-3.6035702539453016j)
0.043,(4.668528910653511-3.6200084732994906j)
0.04302,(3.7440821654150644-3.4974104575385603j)
0.04304,(3.8386997133664145-3.8853992416006498j)
0.04306,(3.9131056319877744-2.9993720560428585j)
0.04308,(4.256093503181051-3.5833491241789j)
0.0431,(3.2266926326308685-3.415587196882766j)
0.04312,(4.057752577055273-3.2285619760209845j)
0.04314,(3.539843571228703-3.750878002962793j)
0.04316,(4.133198919410996-3.4075386391745464j)
0.04318,(4.824000930727384-3.5025569236710066j)
0.0432,(4.434309121272983-3.174871182565508j)
0.04322,(3.7252309921940348-3.4971948057828577j)
0.04324,(3.994429727762422-4.452296722891059j)
0.04326,(3.837380340205694-3.8114828606204165j)
0.04328,(4.565498528439329-3.9999157396791913j)
0.0433,(3.4000371133388994-2.857601180411896j)
0.04332,(3.9875641752020714-3.02847395944297j)
0.04334,(3.901789491174772-4.216794386311733j)
0.04336,(3.7429058976876655-3.8368472553971884j)
0.04338,(4.686819936149885-3.9616445933530047j)
0.0434,(3.6119157898232066-3.42785296687715j)
0.04342,(3.735881156222259-3.818632468562792j)
0.04344,(4.665818918828615-3.58849461472926j)
0.04346,(4.100778024079039-3.9590645137054947j)
0.04348,(4.0754713951911485-3.356560976759697j)
0.0435,(3.9255263115129293-4.059756742127858j)
0.04352,(4.133247057875143-2.6656382092688795j)
0.04354,(3.9909208676825654-2.9985524439112483j)
0.04356,(3.8891026886619606-2.6727747100502404j)
0.04358,(3.6668353116585704-3.297870141981289j)
0.0436,(4.147391402460626-2.981002811349867j)
0.04362,(3.934958484071868-3.202404698320228j)
0.04364,(3.9775991196129046-3.834826447113713j)
0.04366,(4.353862660282459-3.624086497470737j)
0.04368,(3.9654024624461126-3.3586506990501617j)
0.0437,(4.097341021564857-3.1159265375906937j)
0.04372,(4.691872902931929-3.502198039248405j)
0.04374,(4.261853809304763-3.3151337907118408j)
0.04376,(3.9540552915955502-3.610885335219351j)
0.04378,(3.7682565564050186-3.637466753891113j)
0.0438,(4.089766512938481-3.9905131439929753j)
0.04382,(4.396545883168896-3.3524338869696386j)
0.04384,(3.9372729856586144-3.664055765369253j)
0.04386,(4.1195380633982115-3.928295611024401j)
0.04388,(3.9287800794365877-3.6976398365543393j)
0.0439,(3.9980627489781138-3.404903637700542j)
0.04392,(3.7081831560714393-3.277300440631227j)
0.04394,(4.204105079528274-3.5614857798614037j)
0.04396,(4.16187045522469-3.143938784890578j)
0.04398,(4.605320435720704-3.003249643559257j)
0.044,(4.14842115826802-3.5955832914232704j)
0.04402,(3.874630277100965-3.175421165628736j)
0.04404,(4.596258754203662-3.7224642376115504j)
0.04406,(4.2335834867107796-3.9334521541035836j)
0.04408,(4.175143038770828-3.8149246328259934j)
0.0441,(4.107274218355221-3.7881871954778683j)
0.04412,(4.162317094934161-3.6459148653977143j)
0.04414,(3.823367734253817-2.8392512208102847j)
0.04416,(4.082979459488023-3.6745357457923276j)
0.04418,(4.037127413457738-3.6254814265390873j)
0.0442,(4.229130538022789-3.4487965893842376j)
0.04422,(4.482395749979677-3.940231457605052j)
0.04424,(4.432243930412112-3.4513631221016015j)
0.04426,(4.280648092862957-3.2810974242711812j)
0.04428,(3.5357371748680353-3.0058015538273533j)
0.0443,(3.965294563287987-3.0620497141835794j)
0.04432,(3.5028997659016774-3.378964076079043j)
0.04434,(4.470960121164724-3.574454783820381j)
0.04436,(4.070104115271398-3.555179226433912j)
0.04438,(4.061191937733139-3.3641609811583475j)
0.0444,(3.8816944115456353-3.51554145191693j)
0.04442,(4.531615794739398-3.530244962922254j)
0.04444,(4.144171592272312-3.8115103576359304j)
0.04446,(4.072175356330505-3.2764433915851914j)
0.04448,(4.152058411185259-3.4007491861391173j)
0.0445,(4.1776432676669755-3.752096501286613j)
0.04452,(4.06540716612515-3.0036608385163235j)
0.04454,(4.531178325128137-3.430488153767789j)
0.04456,(4.527753943370276-3.97469658404567j)
0.04458,(4.141624062066771-3.1850354315343967j)
0.0446,(3.8510902506410645-3.7242189970222337j)
0.04462,(4.219322790245937-3.63659854152328j)
0.04464,(3.9119430842491565-3.562307749668262j)
0.04466,(4.586037300980726-3.2122615656952394j)
0.04468,(4.633982089239395-3.5192448005312427j)
0.0447,(4.35058813375943-3.293882604076027j)
0.04472,(3.723643979815373-4.024529837009431j)
0.04474,(3.95523319564516-3.867777766950501j)
0.04476,(4.043780090331476-3.489343359236857j)
0.04478,(3.830415356183355-3.741722313159814j)
0.0448,(4.009695563978354-3.568117271484938j)
0.04482,(4.188277805418364-3.251370622204497j)
0.04484,(4.286500662873351-3.767721330650963j)
0.04486,(4.54009058644394-3.745114274978877j)
0.04488,(4.10366138687481-3.4634259054739145j)
0.0449,(4.0108898731572245-4.208773640640003j)
0.04492,(3.6815921913461125-3.164141187756197j)
0.04494,(4.226774124474267-3.456620850471578j)
0.04496,(3.9601342043290995-3.4689807331858056j)
0.04498,(4.041623541291875-3.6797728014999067j)
0.045,(3.922626895516028-3.2703119272053405j)
0.04502,(3.932062044557868-3.5538063633642043j)
0.04504,(4.350591399885365-3.091288421765063j)
0.04506,(4.092419323367772-4.070303959397969j)
0.04508,(4.632086437474727-3.478911962002295j)
0.0451,(3.7387584370135474-3.485872606384246j)
0.04512,(4.528281041892752-3.3962423612075914j)
0.04514,(3.947109848692415-3.032114381374207j)
0.04516,(4.093071350376666-3.954599973841585j)
0.04518,(4.276313639518508-3.964855747950878j)
0.0452,(4.4536980880881085-3.6176890576073286j)
0.04522,(4.466834272523737-4.130837870343218j)
0.04524,(4.460365216579592-2.731150168619889j)
0.04526,(4.0422662741317685-3.188860520166841j)
0.04528,(4.71588959434573-3.3275822264244392j)
0.0453,(4.3166582738891-3.2390358572257587j)
0.04532,(3.130803609283827-3.0763257308263245j)
0.04534,(4.131465517785286-3.7048840352006582j)
0.04536,(3.993442426437292-3.6203384636917173j)
0.04538,(4.016098439407569-3.3859088412379696j)
0.0454,(4.332736267422865-3.668077872656813j)
0.04542,(4.222897377480333-3.8091814333249943j)
0.04544,(3.895195065615083-3.676506349761787j)
0.04546,(4.621649569633021-3.3727625529239136j)
0.04548,(3.6922741952320384-3.1961810780446327j)
0.0455,(3.669760410990415-3.923600715462896j)
0.04552,(3.7586181481126566-3.563250959877067j)
0.04554,(4.26873793871354-3.518008253725422j)
0.04556,(4.243105399614546-3.9635590649883636j)
0.04558,(3.8498614567745606-3.350386891443515j)
0.0456,(3.9222465311224872-3.535692980837312j)
0.04562,(4.119277357082751-3.812848611942318j)
0.04564,(3.7644755908661307-3.660778433851068j)
0.04566,(4.38685715796908-3.321580300215592j)
0.04568,(4.642733664967847-3.1740431063428187j)
0.0457,(4.061468914685138-3.3868070189446104j)
0.04572,(4.2362244008907535-2.8646326214381403j)
0.04574,(4.15684397785813-3.128204899563007j)
0.04576,(4.576515306378668-3.3162184428233568j)
0.04578,(4.767666959614333-3.7342491905774398j)
0.0458,(4.0015020339953695-3.122947142795348j)
0.04582,(4.1314954921934595-3.756205374752049j)
0.04584,(4.406794189003812-3.2510665480276475j)
0.04586,(4.235719663175211-4.314673686150014j)
0.04588,(3.816826248033733-3.664597200204431j)
0.0459,(3.5177271190523376-3.965907144576298j)
0.04592,(3.9216664162969144-3.5954159593203996j)
0.04594,(4.230055193347802-4.013055112508992j)
0.04596,(3.989413546293166-3.4904800598528136j)
0.04598,(3.769188824264769-3.34430811700428j)
0.046,(3.9273477763609272-3.716701219471294j)
0.04602,(4.731038675823941-3.6066791724569263j)
0.04604,(3.744604012821051-3.4268392549087676j)
0.04606,(4.015864727890067-3.515699082018208j)
0.04608,(3.9487454782956126-3.050692527226764j)
0.0461,(4.7728579071914385-3.7284625181201076j)
0.04612,(3.629970266376672-3.320922443472473j)
0.04614,(3.859044759741378-3.413257442193339j)
0.04616,(4.14239770937486-4.029581810245782j)
0.04618,(4.177186303816919-3.470909732405722j)
0.0462,(4.495074789392862-3.528956412805962j)
0.04622,(4.460640484819055-3.6641321741971473j)
0.04624,(3.8865702342266095-2.9085560064432934j)
0.04626,(4.225734363198948-3.071664652833345j)
0.04628,(4.0635501398887195-3.7542093569559043j)
0.0463,(3.9686817745192386-3.2882286766057343j)
0.04632,(4.459982687518533-3.2520409380877666j)
0.04634,(4.20607397271142-3.4513738060916905j)
0.04636,(4.652781521628689-3.8660360821682023j)
0.04638,(4.27994307643938-3.81745200479385j)
0.0464,(4.430363096247415-3.3240403086087578j)
0.04642,(3.2165743426559454-3.3310510954363557j)
0.04644,(4.151467810296708-3.595123302613879j)
0.04646,(4.265959084330538-3.0614078613559434j)
0.04648,(4.296737701928028-3.0021932184008637j)
0.0465,(4.637517741796987-3.0061277102891983j)
0.04652,(4.328633642124228-3.004709004842156j)
0.04654,(3.7185417973824784-3.5052778779367295j)
0.04656,(4.3024200557346095-3.944949917108296j)
0.04658,(4.402061511090474-3.6074683063846202j)
0.0466,(3.9197533689934296-3.538274819649878j)
0.04662,(3.986000127876398-3.7099122993700266j)
0.04664,(4.385752185826097-3.6269404986306646j)
0.04666,(4.124771654423505-3.885154305263005j)
0.04668,(4.488683951413182-3.2618529574189625j)
0.0467,(4.18617608013584-2.957233101789258j)
0.04672,(3.397007216446795-2.706001433385814j)
0.04674,(4.144106211295951-3.4172553830037105j)
0.04676,(3.9922981723041064-3.557203760899147j)
0.04678,(4.330358580347382-3.5123184472876137j)
0.0468,(4.266298480660567-3.046270115566996j)
0.04682,(3.811126102666312-3.051902460438228j)
0.04684,(4.19147375943146-3.5801969406034946j)
0.04686,(4.304058666344188-3.0988510247944676j)
0.04688,(4.273440158583414-3.4461282023472357j)
0.0469,(4.451125693339626-3.7451749765496194j)
0.04692,(3.784669498671593-3.551541596445015j)
0.04694,(4.07343305653148-2.932304948936704j)
0.04696,(3.3828195530591803-3.259435692080787j)
0.04698,(4.518818329146812-3.6689209706256687j)
0.047,(4.166171263586805-3.1875569054328166j)
0.04702,(4.096713602919864-3.2620261381354507j)
0.04704,(4.091289028469427-3.6033192447323605j)
0.04706,(4.294056276252057-3.748871143708149j)
0.04708,(4.48086620240997-3.870425478698701j)
0.0471,(4.036913562015012-4.048092237037827j)
0.04712,(4.270475897528762-3.718087144414368j)
0.04714,(4.2665950431451485-3.559229989534725j)
0.04716,(3.4011515303198747-3.0799473027202686j)
0.04718,(3.8979718422972662-3.225242732430186j)
0.0472,(4.279140069919859-3.434497348465035j)
0.04722,(4.545258303683762-4.124602571457579j)
0.04724,(4.586998905107984-3.401576861611494j)
0.04726,(3.725751532598721-4.048481781556578j)
0.04728,(4.467112740590315-3.2089340983946255j)
0.0473,(4.478359881022333-3.1995093006357935j)
0.04732,(4.271551918582742-3.4830330499187974j)
0.04734,(3.460694493379969-3.227716881760232j)
0.04736,(3.954931409889606-3.1619310751726935j)
0.04738,(4.1700789579386655-3.4634766931499943j)
0.0474,(4.055332362152942-3.5482961243462356j)
0.04742,(3.411108754569213-3.942914293647942j)
0.04744,(4.046879794526144-3.6183552321986214j)
0.04746,(3.8237524608994877-3.832196877959711j)
0.04748,(4.330918003486244-3.8355525728300077j)
0.0475,(4.293951138619378-3.744307644679945j)
0.04752,(4.30833474215415-4.153845873503786j)
0.04754,(4.010849722419156-3.17354994194849j)
0.04756,(4.140735523573182-3.4269993775277996j)
0.04758,(4.106004612361831-3.1130409731779185j)
0.0476,(4.438518325469089-3.232681509257162j)
0.04762,(3.9561986881083513-3.333715593136576j)
0.04764,(3.8815767215165233-3.2352584146977703j)
0.04766,(4.454485316774766-3.4497291004683026j)
0.04768,(4.4075957945490964-3.064978094888068j)
0.0477,(4.289285828257153-3.6699185877729605j)
0.04772,(4.660423891107379-3.5067121982581924j)
0.04774,(4.830110821771225-3.5930631732026046j)
0.04776,(4.544191646883805-2.8276491461832j)
0.04778,(3.884860431593226-3.710614034127356j)
0.0478,(4.411006864687583-3.070750126962959j)
0.04782,(4.170719116030827-3.954449843130881j)
0.04784,(3.946540479117008-3.4665747846949997j)
0.04786,(3.886932698037419-3.5605309640311935j)
0.04788,(4.223732323327166-3.8402918231736693j)
0.0479,(4.406255530287279-3.721485461704053j)
0.04792,(4.593748770584454-3.3323109166644125j)
0.04794,(4.358679295285808-3.612154751259577j)
0.04796,(4.325284993771312-3.8217264046499015j)
0.04798,(4.065352142684945-3.2007415234568035j)
0.048,(4.206149529855187-3.507062362486327j)
0.04802,(3.63567711047059-3.38959535150117j)
0.04804,(4.322391511696533-3.1356068917304643j)
0.04806,(4.277880145963103-2.9847288820960673j)
0.04808,(4.772047936334215-4.262024113966646j)
0.0481,(4.120741556897021-3.535810694919155j)
0.04812,(4.531065302907121-4.058973219621666j)
0.04814,(3.9758491249241503-2.5913140739431095j)
0.04816,(4.699652219684614-3.4497496874880302j)
0.04818,(4.617135561986926-3.1756129718791706j)
0.0482,(4.511288300617069-3.70903541118722j)
0.04822,(4.154050538644348-3.618476204828019j)
0.04824,(4.0598960555767505-3.133543106343529j)
0.04826,(4.010315180170385-3.328298200654532j)
0.04828,(3.8097320076411876-2.9407572110491005j)
0.0483,(4.289855562690262-3.7781290017147873j)
0.04832,(4.051185048376738-3.5726834198452235j)
0.04834,(4.261534501747779-3.3289539857792816j)
0.04836,(4.190586620384863-3.278104687237627j)
0.04838,(3.776057494013809-3.3602406932984965j)
0.0484,(4.487734559747153-3.9410400105481918j)
0.04842,(4.1660052834918195-3.8142129121397503j)
0.04844,(4.421375245602995-3.386128709826887j)
0.04846,(3.7455138109811204-4.0144429471302585j)
0.04848,(3.879336484084585-3.7953441548071667j)
0.0485,(4.003186997279072-3.4875594438611306j)
0.04852,(4.214943330422842-3.7586975835291265j)
0.04854,(4.099451255479588-3.423572587527432j)
0.04856,(4.588757861467277-3.529869195491085j)
0.04858,(4.478847518245225-3.7627234489632797j)
0.0486,(3.890333176922557-3.7548322666242817j)
0.04862,(5.116063197391535-3.0740365843030815j)
0.04864,(4.105700695184129-3.3719585181291154j)
0.04866,(4.564382356652108-3.417558193377169j)
0.04868,(4.039119947451698-3.48171292413017j)
0.0487,(4.342215944430589-3.8024750875313433j)
0.04872,(4.450604834007805-3.6881233206986934j)
0.04874,(3.632547223216798-4.300240940824961j)
0.04876,(5.495703792944661-3.262169069002946j)
0.04878,(5.605590529298288-2.7065553119290806j)
0.0488,(5.749658471887988-2.3171332821150563j)
0.04882,(5.664301708878338-2.7010444076830065j)
0.04884,(5.676949751599912-2.2380344002363746j)
0.04886,(5.692653994737905-2.5865770806136728j)
0.04888,(5.468031116142731-2.450487900548487j)
0.0489,(6.119771316146453-2.510394845017385j)
0.04892,(5.904441668353384-2.2667372827292285j)
0.04894,(5.8199276018932435-2.0979305170864406j)
0.04896,(6.204721527019309-2.8290030385715053j)
0.04898,(6.454834116651157-1.913523091955121j)
0.049,(5.3460095578478-2.785589774188753j)
0.04902,(6.407211123477292-2.561420924140585j)
0.04904,(5.858302063457049-2.6763132655484942j)
0.04906,(5.415713415861857-1.9974151977326755j)
0.04908,(6.00359438073849-2.853623185395197j)
0.0491,(5.827052986363643-2.2608193258341087j)
0.04912,(6.152872348703399-3.2361217226317844j)
0.04914,(5.914489019672237-2.2287194935238066j)
0.04916,(5.984959477623495-2.5637637065571623j)
0.04918,(5.720953612408573-2.6248295498042813j)
0.0492,(5.523214948454972-2.7305688867542948j)
0.04922,(6.113279138071877-2.522199139368046j)
0.04924,(5.691039040265712-2.6183204466622043j)
0.04926,(6.000154439537198-2.9969662135143786j)
0.04928,(6.361309750178193-2.7616236939979473j)
0.0493,(5.812761127255563-2.2338625271321253j)
0.04932,(6.099385675592277-2.6342220204571487j)
0.04934,(5.855827398049332-2.7635281584927736j)
0.04936,(5.74447490627397-2.4844993605083676j)
0.04938,(5.3452422736461624-2.337133269524049j)
0.0494,(5.852892556485008-2.28328621708968j)
0.04942,(5.81128161773468-2.3873688487176614j)
0.04944,(5.57575907431398-2.097013966046889j)
0.04946,(5.187663044567141-2.483609009500122j)
0.04948,(5.309305075556761-2.578701042537505j)
0.0495,(6.461107506640037-2.2088502711050575j)
0.04952,(5.878628784650337-2.7361748292062114j)
0.04954,(5.387287620117876-2.634725055965762j)
0.04956,(5.665319186549107-3.031028500429499j)
0.04958,(5.869404634484099-1.8953717806780692j)
0.0496,(6.015640451832514-1.804867817821639j)
0.04962,(5.788283710016758-2.558340712502345j)
0.04964,(6.539763208881811-2.2455117733723147j)
0.04966,(6.555478476565627-2.266814658239707j)
0.04968,(5.99368623330533-2.436866735593191j)
0.0497,(5.743944550662233-2.0948396056590783j)
0.04972,(5.9935558771583475-2.9216086977275j)
0.04974,(5.423057355330482-2.5616148877976173j)
0.04976,(6.19918443506243-3.1956203796422256j)
0.04978,(5.923266891576473-2.8370111635590227j)
0.0498,(5.463685236753919-3.041894268317166j)
0.04982,(5.671271051085246-3.1126086097558385j)
0.04984,(6.057177672899158-2.665133582116821j)
0.04986,(5.310960800829274-2.378371782036261j)
0.04988,(5.5681877415118075-2.7217497247932103j)
0.0499,(5.710736601215595-2.681698967079091j)
0.04992,(6.191097709723999-2.744907912740858j)
0.04994,(6.437480075135108-2.4532010558193145j)
0.04996,(5.992269837212939-2.7015071616138266j)
0.04998,(4.8126294552250775-2.8355188977600974j)
